OBJECTID,ID,Datum,Den,Day,DenNoc,DayNight,DruhNehody,Type,Zavineni,CausedBy,Alkohol,Alcohol,HlavniPricina,MainCause,Usmrceno,Tezce,Lehce,DeathToll,HeavyInjuries,LightInjuries,StavPovrchu,RoadCondition,Pocasi,Weather,SpecifikaceMista,PlaceSituation,DruhVozidla,VehicleType,Smyk,Skyd,Skoda,X,Y,x2,y2
2936,60206181695,9/9/2018 12:00:00 AM,Neděle,Sunday,Den,Day,"Srážka s vozidlem zaparkovaným, odstaveným",Collision with a parked vehicle,Řidičem motorového vozidla,Car driver,Ne,No,Nesprávný způsob jízdy,Inappropriate driving,0,0,1,0,0,1,"Suchý, neznečištěný",Dry and clean,Neztížené,Clear,Žádné,None,Osobní automobil,Car,Ne,No,10000,16.5938926850001,49.210364853,16.5938926850001,49.2103648530001
2937,60206181696,9/10/2018 12:00:00 AM,Pondělí,Monday,Den,Day,Srážka s jedoucím nekolejovým vozidlem,Collision with other motor vehicle,Řidičem motorového vozidla,Car driver,Ne,No,Nedání přednosti v jizdě,Not respecting the right of way,0,0,0,0,0,0,"Suchý, neznečištěný",Dry and clean,Neztížené,Clear,Žádné,None,Osobní automobil,Car,Ne,No,30000,16.575671685,49.213467,16.575671685,49.213467
2938,60206181697,9/10/2018 12:00:00 AM,Pondělí,Monday,Den,Day,Srážka s pevnou překážkou,Collision with a fixed obstacle,Řidičem motorového vozidla,Car driver,Ne,No,Nesprávný způsob jízdy,Inappropriate driving,0,0,0,0,0,0,"Suchý, neznečištěný",Dry and clean,Neztížené,Clear,Přechod pro chodce nebo v jeho blízkosti,Pedestrian crossing or nearby,Osobní automobil,Car,Ne,No,30000,16.5924386830001,49.214088035,16.5924386830001,49.214088035
2939,60206181699,9/10/2018 12:00:00 AM,Pondělí,Monday,Den,Day,"Srážka s vozidlem zaparkovaným, odstaveným",Collision with a parked vehicle,Řidičem motorového vozidla,Car driver,Ne,No,Nepřiměřená rychlost jízdy,Inappropriate speed,0,0,0,0,0,0,"Suchý, neznečištěný",Dry and clean,Neztížené,Clear,Přechod pro chodce nebo v jeho blízkosti,Pedestrian crossing or nearby,Motocykl,Motorbike,Ano,Yes,10000,16.6242096770001,49.191290877,16.6242096770001,49.191290877
2940,60206181700,9/10/2018 12:00:00 AM,Pondělí,Monday,Den,Day,"Srážka s vozidlem zaparkovaným, odstaveným",Collision with a parked vehicle,Řidičem motorového vozidla,Car driver,Nezjišťováno,Not tested,Nesprávný způsob jízdy,Inappropriate driving,0,0,0,0,0,0,"Suchý, neznečištěný",Dry and clean,Neztížené,Clear,Žádné,None,Osobní automobil,Car,Ne,No,0,16.6360936780001,49.202211446,16.6360936780001,49.202211446
2941,60206181702,9/10/2018 12:00:00 AM,Pondělí,Monday,Noc,Night,"Srážka s vozidlem zaparkovaným, odstaveným",Collision with a parked vehicle,Řidičem motorového vozidla,Car driver,Nezjišťováno,Not tested,Nesprávný způsob jízdy,Inappropriate driving,0,0,0,0,0,0,"Suchý, neznečištěný",Dry and clean,Neztížené,Clear,Přechod pro chodce nebo v jeho blízkosti,Pedestrian crossing or nearby,"Nezjištěno, řidič ujel",Unknown,Ne,No,0,16.669672683,49.204959579,16.669672683,49.204959579
2942,60206181703,9/10/2018 12:00:00 AM,Pondělí,Monday,Den,Day,Srážka s jedoucím nekolejovým vozidlem,Collision with other motor vehicle,Řidičem motorového vozidla,Car driver,Ne,No,Nedání přednosti v jizdě,Not respecting the right of way,0,0,0,0,0,0,"Suchý, neznečištěný",Dry and clean,Neztížené,Clear,Přechod pro chodce nebo v jeho blízkosti,Pedestrian crossing or nearby,Osobní automobil,Car,Ne,No,120000,16.61529368,49.198526256,16.61529368,49.198526256
2943,60206181704,9/10/2018 12:00:00 AM,Pondělí,Monday,Den,Day,Srážka s chodcem,Collision with pedestrian,Chodcem,Pedestrian,Ne,No,Nezaviněná řidičem,Not caused by driver,0,0,1,0,0,1,"Suchý, neznečištěný",Dry and clean,Neztížené,Clear,Žádné,None,Osobní automobil,Car,Ne,No,5000,16.603611684,49.216402143,16.603611684,49.216402143
2944,60206181705,9/10/2018 12:00:00 AM,Pondělí,Monday,Den,Day,Srážka s jedoucím nekolejovým vozidlem,Collision with other motor vehicle,Řidičem motorového vozidla,Car driver,Ne,No,Nesprávný způsob jízdy,Inappropriate driving,0,0,0,0,0,0,"Suchý, neznečištěný",Dry and clean,Neztížené,Clear,Žádné,None,Osobní automobil,Car,Ne,No,5000,16.6046206780001,49.1855125710001,16.6046206780001,49.1855125710001
2945,60206181706,9/10/2018 12:00:00 AM,Pondělí,Monday,Den,Day,Srážka s jedoucím nekolejovým vozidlem,Collision with other motor vehicle,Řidičem motorového vozidla,Car driver,Ne,No,Nedání přednosti v jizdě,Not respecting the right of way,0,1,0,0,1,0,"Suchý, neznečištěný",Dry and clean,Neztížené,Clear,Přechod pro chodce nebo v jeho blízkosti,Pedestrian crossing or nearby,Osobní automobil,Car,Ne,No,10000,16.5826756860001,49.2467895340001,16.5826756860001,49.2467895340001
2946,60206181707,9/10/2018 12:00:00 AM,Pondělí,Monday,Den,Day,"Srážka s vozidlem zaparkovaným, odstaveným",Collision with a parked vehicle,Řidičem motorového vozidla,Car driver,Ne,No,Nesprávný způsob jízdy,Inappropriate driving,0,0,0,0,0,0,"Suchý, neznečištěný",Dry and clean,Neztížené,Clear,Žádné,None,Nákladní automobil,Truck,Ne,No,0,16.617255686,49.205272596,16.617255686,49.205272596
2947,60206181708,9/10/2018 12:00:00 AM,Pondělí,Monday,Den,Day,Srážka s jedoucím nekolejovým vozidlem,Collision with other motor vehicle,Řidičem motorového vozidla,Car driver,Ne,No,Nedání přednosti v jizdě,Not respecting the right of way,0,1,0,0,1,0,"Suchý, neznečištěný",Dry and clean,Neztížené,Clear,Žádné,None,Osobní automobil,Car,Ne,No,1000,16.5627896840001,49.2068016710001,16.5627896840001,49.206801671
2948,60206181709,9/10/2018 12:00:00 AM,Pondělí,Monday,Den,Day,Srážka s lesní zvěří,Collision with wildlife animals,"Lesní zvěří, domácim zvířetem","Wildlife animal, pet",Nezjišťováno,Not tested,Nezaviněná řidičem,Not caused by driver,0,0,0,0,0,0,"Suchý, neznečištěný",Dry and clean,Neztížené,Clear,Žádné,None,Osobní automobil,Car,Ne,No,40000,16.649205684,49.1679766130001,16.649205684,49.1679766130001
2949,60206181710,9/11/2018 12:00:00 AM,Úterý,Tuesday,Den,Day,Srážka s chodcem,Collision with pedestrian,Řidičem motorového vozidla,Car driver,Ne,No,Nedání přednosti v jizdě,Not respecting the right of way,0,1,0,0,1,0,"Suchý, neznečištěný",Dry and clean,Neztížené,Clear,Přechod pro chodce nebo v jeho blízkosti,Pedestrian crossing or nearby,Osobní automobil,Car,Ne,No,20000,16.576132687,49.1736919300001,16.576132687,49.1736919300001
2950,60206181711,9/11/2018 12:00:00 AM,Úterý,Tuesday,Den,Day,"Srážka s vozidlem zaparkovaným, odstaveným",Collision with a parked vehicle,Řidičem motorového vozidla,Car driver,Nezjišťováno,Not tested,Nesprávný způsob jízdy,Inappropriate driving,0,0,1,0,0,1,"Suchý, neznečištěný",Dry and clean,Neztížené,Clear,Přechod pro chodce nebo v jeho blízkosti,Pedestrian crossing or nearby,"Nezjištěno, řidič ujel",Unknown,Ne,No,0,16.580266679,49.2449744560001,16.580266679,49.2449744560001
2951,60206181712,9/11/2018 12:00:00 AM,Úterý,Tuesday,Den,Day,"Srážka s vozidlem zaparkovaným, odstaveným",Collision with a parked vehicle,Řidičem motorového vozidla,Car driver,Ne,No,Nesprávný způsob jízdy,Inappropriate driving,0,0,0,0,0,0,"Suchý, neznečištěný",Dry and clean,Neztížené,Clear,Přechod pro chodce nebo v jeho blízkosti,Pedestrian crossing or nearby,Osobní automobil,Car,Ne,No,110000,16.566366691,49.1986882630001,16.566366691,49.1986882630001
2952,60206181713,9/11/2018 12:00:00 AM,Úterý,Tuesday,Den,Day,Srážka s pevnou překážkou,Collision with a fixed obstacle,Řidičem motorového vozidla,Car driver,Ne,No,Nesprávný způsob jízdy,Inappropriate driving,0,0,0,0,0,0,"Suchý, neznečištěný",Dry and clean,Neztížené,Clear,Přechod pro chodce nebo v jeho blízkosti,Pedestrian crossing or nearby,Osobní automobil,Car,Ne,No,10000,16.614362736,49.1959080020001,16.614362736,49.1959080020001
2953,60206181714,9/11/2018 12:00:00 AM,Úterý,Tuesday,Den,Day,"Srážka s vozidlem zaparkovaným, odstaveným",Collision with a parked vehicle,Řidičem motorového vozidla,Car driver,Pod vlivem drog,Under the influence of drugs,Nesprávný způsob jízdy,Inappropriate driving,0,0,0,0,0,0,"Suchý, neznečištěný",Dry and clean,Neztížené,Clear,Žádné,None,Nákladní automobil,Truck,Ne,No,5000,16.6052406800001,49.20214744,16.6052406800001,49.20214744
2954,60206181715,9/10/2018 12:00:00 AM,Pondělí,Monday,Noc,Night,"Srážka s vozidlem zaparkovaným, odstaveným",Collision with a parked vehicle,Řidičem motorového vozidla,Car driver,Nezjišťováno,Not tested,Nesprávný způsob jízdy,Inappropriate driving,0,0,0,0,0,0,"Suchý, neznečištěný",Dry and clean,Neztížené,Clear,Žádné,None,"Nezjištěno, řidič ujel",Unknown,Ne,No,0,16.5949196870001,49.212304944,16.5949196870001,49.212304944
2955,60206181716,9/11/2018 12:00:00 AM,Úterý,Tuesday,Noc,Night,"Srážka s vozidlem zaparkovaným, odstaveným",Collision with a parked vehicle,Řidičem motorového vozidla,Car driver,Nezjišťováno,Not tested,Nesprávný způsob jízdy,Inappropriate driving,0,0,0,0,0,0,"Suchý, neznečištěný",Dry and clean,Neztížené,Clear,Přechod pro chodce nebo v jeho blízkosti,Pedestrian crossing or nearby,"Nezjištěno, řidič ujel",Unknown,Ne,No,0,16.610606687,49.190233822,16.610606687,49.190233822
2956,60206181717,9/12/2018 12:00:00 AM,Středa,Wednesday,Den,Day,Srážka s jedoucím nekolejovým vozidlem,Collision with other motor vehicle,Řidičem motorového vozidla,Car driver,Ne,No,Nesprávný způsob jízdy,Inappropriate driving,0,0,2,0,0,2,"Suchý, neznečištěný",Dry and clean,Neztížené,Clear,Zastávka MHD,Public transport stop,Osobní automobil,Car,Ne,No,20000,16.5288396880001,49.2216073910001,16.5288396880001,49.2216073910001
2957,60206181718,9/12/2018 12:00:00 AM,Středa,Wednesday,Den,Day,Srážka s jedoucím nekolejovým vozidlem,Collision with other motor vehicle,Řidičem motorového vozidla,Car driver,Ne,No,Nedání přednosti v jizdě,Not respecting the right of way,0,0,0,0,0,0,"Suchý, neznečištěný",Dry and clean,Neztížené,Clear,Žádné,None,Osobní automobil,Car,Ne,No,80000,16.670537681,49.1592851130001,16.670537681,49.1592851130001
2958,60206181719,9/12/2018 12:00:00 AM,Středa,Wednesday,Den,Day,Srážka s jedoucím nekolejovým vozidlem,Collision with other motor vehicle,Řidičem motorového vozidla,Car driver,Ne,No,Nedání přednosti v jizdě,Not respecting the right of way,0,0,1,0,0,1,"Suchý, neznečištěný",Dry and clean,Neztížené,Clear,Žádné,None,Osobní automobil,Car,Ne,No,0,16.5998136800001,49.215389099,16.5998136800001,49.2153890990001
2959,60206181720,9/12/2018 12:00:00 AM,Středa,Wednesday,Den,Day,"Srážka s vozidlem zaparkovaným, odstaveným",Collision with a parked vehicle,Řidičem motorového vozidla,Car driver,Nezjišťováno,Not tested,Nesprávný způsob jízdy,Inappropriate driving,0,0,0,0,0,0,"Suchý, neznečištěný",Dry and clean,Neztížené,Clear,Přechod pro chodce nebo v jeho blízkosti,Pedestrian crossing or nearby,"Nezjištěno, řidič ujel",Unknown,Ne,No,0,16.6264666750001,49.2028764790001,16.6264666750001,49.202876479
2960,60206181721,9/12/2018 12:00:00 AM,Středa,Wednesday,Noc,Night,Srážka s jedoucím nekolejovým vozidlem,Collision with other motor vehicle,Řidičem motorového vozidla,Car driver,Nezjišťováno,Not tested,Nedání přednosti v jizdě,Not respecting the right of way,0,0,1,0,0,1,"Suchý, neznečištěný",Dry and clean,Neztížené,Clear,Žádné,None,Osobní automobil,Car,Ne,No,30000,16.6230636870001,49.2047945740001,16.6230636870001,49.2047945740001
2961,60206181722,9/13/2018 12:00:00 AM,Čtvrtek,Thursday,Noc,Night,"Srážka s vozidlem zaparkovaným, odstaveným",Collision with a parked vehicle,Řidičem motorového vozidla,Car driver,Nezjišťováno,Not tested,Nesprávný způsob jízdy,Inappropriate driving,0,0,0,0,0,0,"Suchý, neznečištěný",Dry and clean,Neztížené,Clear,Výjezd z parkoviště,Exit from car park,"Nezjištěno, řidič ujel",Unknown,Ne,No,0,16.58599481,49.2290321300001,16.58599481,49.2290321300001
2962,60206181723,9/13/2018 12:00:00 AM,Čtvrtek,Thursday,Noc,Night,"Srážka s vozidlem zaparkovaným, odstaveným",Collision with a parked vehicle,Řidičem motorového vozidla,Car driver,Nezjišťováno,Not tested,Nesprávný způsob jízdy,Inappropriate driving,0,0,0,0,0,0,"Suchý, neznečištěný",Dry and clean,Neztížené,Clear,Přechod pro chodce nebo v jeho blízkosti,Pedestrian crossing or nearby,"Nezjištěno, řidič ujel",Unknown,Ne,No,0,16.587035687,49.1950390820001,16.587035687,49.195039082
2963,60206181724,9/13/2018 12:00:00 AM,Čtvrtek,Thursday,Den,Day,Srážka s chodcem,Collision with pedestrian,Řidičem motorového vozidla,Car driver,Ne,No,Nedání přednosti v jizdě,Not respecting the right of way,0,0,1,0,0,1,"Suchý, neznečištěný",Dry and clean,Neztížené,Clear,Přechod pro chodce nebo v jeho blízkosti,Pedestrian crossing or nearby,Osobní automobil,Car,Ne,No,0,16.587870777,49.188650022,16.587870777,49.188650022
2964,60206181725,9/13/2018 12:00:00 AM,Čtvrtek,Thursday,Noc,Night,"Srážka s vozidlem zaparkovaným, odstaveným",Collision with a parked vehicle,Řidičem motorového vozidla,Car driver,Nezjišťováno,Not tested,Nesprávný způsob jízdy,Inappropriate driving,0,0,0,0,0,0,"Suchý, neznečištěný",Dry and clean,Neztížené,Clear,Žádné,None,"Nezjištěno, řidič ujel",Unknown,Ne,No,0,16.6489716790001,49.1936650060001,16.6489716790001,49.1936650060001
2965,60206181726,9/13/2018 12:00:00 AM,Čtvrtek,Thursday,Den,Day,Havárie,Crash,Řidičem motorového vozidla,Car driver,Ne,No,Nepřiměřená rychlost jízdy,Inappropriate speed,0,0,1,0,0,1,"Suchý, neznečištěný",Dry and clean,Neztížené,Clear,Žádné,None,Motocykl,Motorbike,Ne,No,20000,16.6451016840001,49.1878546990001,16.6451016840001,49.1878546990001
2966,60206181727,9/13/2018 12:00:00 AM,Čtvrtek,Thursday,Noc,Night,"Srážka s vozidlem zaparkovaným, odstaveným",Collision with a parked vehicle,Řidičem motorového vozidla,Car driver,Nezjišťováno,Not tested,Nesprávný způsob jízdy,Inappropriate driving,0,0,0,0,0,0,"Suchý, neznečištěný",Dry and clean,Neztížené,Clear,Žádné,None,"Nezjištěno, řidič ujel",Unknown,Ne,No,0,16.6014066870001,49.1902398280001,16.6014066870001,49.1902398280001
2967,60206181728,9/9/2018 12:00:00 AM,Neděle,Sunday,Noc,Night,"Srážka s vozidlem zaparkovaným, odstaveným",Collision with a parked vehicle,Řidičem motorového vozidla,Car driver,Nezjišťováno,Not tested,Nesprávný způsob jízdy,Inappropriate driving,0,0,0,0,0,0,"Suchý, neznečištěný",Dry and clean,Neztížené,Clear,Přechod pro chodce nebo v jeho blízkosti,Pedestrian crossing or nearby,Osobní automobil,Car,Ne,No,2000,16.6769816840001,49.2087027700001,16.6769816840001,49.2087027700001
2968,60206181729,9/13/2018 12:00:00 AM,Čtvrtek,Thursday,Noc,Night,"Srážka s vozidlem zaparkovaným, odstaveným",Collision with a parked vehicle,Řidičem motorového vozidla,Car driver,Nezjišťováno,Not tested,Nesprávný způsob jízdy,Inappropriate driving,0,0,0,0,0,0,"Suchý, neznečištěný",Dry and clean,Neztížené,Clear,Žádné,None,"Nezjištěno, řidič ujel",Unknown,Ne,No,0,16.5992566850001,49.208589767,16.5992566850001,49.208589767
2969,60206181730,9/13/2018 12:00:00 AM,Čtvrtek,Thursday,Den,Day,Srážka s jedoucím nekolejovým vozidlem,Collision with other motor vehicle,Řidičem motorového vozidla,Car driver,Ne,No,Nedání přednosti v jizdě,Not respecting the right of way,0,0,0,0,0,0,"Suchý, neznečištěný",Dry and clean,Neztížené,Clear,Žádné,None,Osobní automobil,Car,Ne,No,40000,16.6676656760001,49.1860215980001,16.6676656760001,49.1860215980001
2970,60206181731,9/14/2018 12:00:00 AM,Pátek,Friday,Noc,Night,Srážka s lesní zvěří,Collision with wildlife animals,"Lesní zvěří, domácim zvířetem","Wildlife animal, pet",Nezjišťováno,Not tested,Nezaviněná řidičem,Not caused by driver,0,0,0,0,0,0,"Suchý, neznečištěný",Dry and clean,Neztížené,Clear,Žádné,None,Osobní automobil,Car,Ne,No,30000,16.552321691,49.187820695,16.552321691,49.187820695
2971,60206181732,9/14/2018 12:00:00 AM,Pátek,Friday,Den,Day,Srážka s pevnou překážkou,Collision with a fixed obstacle,Řidičem motorového vozidla,Car driver,Ne,No,Nepřiměřená rychlost jízdy,Inappropriate speed,0,0,0,0,0,0,Mokrý,Wet,Déšť,Raining,Žádné,None,Osobní automobil,Car,Ano,Yes,10000,16.5295606810001,49.238032149,16.5295606810001,49.238032149
2972,60206181733,9/14/2018 12:00:00 AM,Pátek,Friday,Noc,Night,"Srážka s vozidlem zaparkovaným, odstaveným",Collision with a parked vehicle,Řidičem motorového vozidla,Car driver,Nezjišťováno,Not tested,Nesprávný způsob jízdy,Inappropriate driving,0,0,0,0,0,0,Mokrý,Wet,Déšť,Raining,Přechod pro chodce nebo v jeho blízkosti,Pedestrian crossing or nearby,"Nezjištěno, řidič ujel",Unknown,Ne,No,0,16.6243496860001,49.2237764930001,16.6243496860001,49.2237764930001
2973,60206181734,9/14/2018 12:00:00 AM,Pátek,Friday,Noc,Night,"Srážka s vozidlem zaparkovaným, odstaveným",Collision with a parked vehicle,Řidičem motorového vozidla,Car driver,Nezjišťováno,Not tested,Nesprávný způsob jízdy,Inappropriate driving,0,0,0,0,0,0,Mokrý,Wet,Neztížené,Clear,Přechod pro chodce nebo v jeho blízkosti,Pedestrian crossing or nearby,"Nezjištěno, řidič ujel",Unknown,Ne,No,0,16.631954685,49.2859840900001,16.631954685,49.28598409
2974,60206181735,9/10/2018 12:00:00 AM,Pondělí,Monday,Noc,Night,Srážka s pevnou překážkou,Collision with a fixed obstacle,Řidičem motorového vozidla,Car driver,Nezjišťováno,Not tested,Nesprávný způsob jízdy,Inappropriate driving,0,0,0,0,0,0,Mokrý,Wet,Déšť,Raining,Žádné,None,"Nezjištěno, řidič ujel",Unknown,Ne,No,0,16.589591683,49.2233914820001,16.589591683,49.2233914820001
2975,60206181736,9/14/2018 12:00:00 AM,Pátek,Friday,Den,Day,"Srážka s vozidlem zaparkovaným, odstaveným",Collision with a parked vehicle,Řidičem motorového vozidla,Car driver,Ne,No,Nesprávný způsob jízdy,Inappropriate driving,0,0,1,0,0,1,Mokrý,Wet,Neztížené,Clear,Přechod pro chodce nebo v jeho blízkosti,Pedestrian crossing or nearby,Osobní automobil,Car,Ne,No,20000,16.6478596860001,49.196731169,16.6478596860001,49.196731169
2976,60206181737,9/14/2018 12:00:00 AM,Pátek,Friday,Den,Day,Srážka s jedoucím nekolejovým vozidlem,Collision with other motor vehicle,Řidičem motorového vozidla,Car driver,Ne,No,Nepřiměřená rychlost jízdy,Inappropriate speed,0,0,2,0,0,2,Mokrý,Wet,Neztížené,Clear,Žádné,None,Nákladní automobil,Truck,Ano,Yes,50000,16.577808679,49.1942400390001,16.577808679,49.1942400390001
2977,60206181738,9/14/2018 12:00:00 AM,Pátek,Friday,Den,Day,Srážka s jedoucím nekolejovým vozidlem,Collision with other motor vehicle,Řidičem motorového vozidla,Car driver,Ne,No,Nepřiměřená rychlost jízdy,Inappropriate speed,0,0,0,0,0,0,Mokrý,Wet,Déšť,Raining,Žádné,None,Osobní automobil,Car,Ano,Yes,20000,16.5794336880001,49.2584410200001,16.5794336880001,49.2584410200001
2978,60206181739,9/14/2018 12:00:00 AM,Pátek,Friday,Den,Day,Srážka s jedoucím nekolejovým vozidlem,Collision with other motor vehicle,Řidičem motorového vozidla,Car driver,Ne,No,Nesprávný způsob jízdy,Inappropriate driving,0,0,1,0,0,1,Mokrý,Wet,Déšť,Raining,Žádné,None,Osobní automobil,Car,Ne,No,20000,16.603864684,49.182152398,16.603864684,49.182152398
2979,60206181740,9/14/2018 12:00:00 AM,Pátek,Friday,Noc,Night,"Srážka s vozidlem zaparkovaným, odstaveným",Collision with a parked vehicle,Řidičem motorového vozidla,Car driver,Ne,No,Nesprávný způsob jízdy,Inappropriate driving,0,0,0,0,0,0,Mokrý,Wet,Neztížené,Clear,Žádné,None,"Nezjištěno, řidič ujel",Unknown,Ne,No,0,16.576122678,49.220393336,16.576122678,49.220393336
2980,60206181741,9/15/2018 12:00:00 AM,Sobota,Saturday,Noc,Night,Havárie,Crash,Řidičem motorového vozidla,Car driver,Nezjišťováno,Not tested,Nesprávný způsob jízdy,Inappropriate driving,0,0,1,0,0,1,Mokrý,Wet,Neztížené,Clear,"Most, nadjezd, podjezd, tunel","Bridge, overpass, underpass, tunel ",Osobní automobil,Car,Ne,No,150000,16.56205269,49.1739309450001,16.56205269,49.1739309450001
2981,60206181742,9/15/2018 12:00:00 AM,Sobota,Saturday,Den,Day,Srážka s jedoucím nekolejovým vozidlem,Collision with other motor vehicle,Řidičem nemotorového vozidla,Non-motorized vehicle driver,Ne,No,Nedání přednosti v jizdě,Not respecting the right of way,0,0,1,0,0,1,"Suchý, neznečištěný",Dry and clean,Neztížené,Clear,Přechod pro chodce nebo v jeho blízkosti,Pedestrian crossing or nearby,Jízdní kolo,Bicycle,Ne,No,1000,16.5768556790001,49.2390651950001,16.5768556790001,49.2390651950001
2982,60206181743,9/15/2018 12:00:00 AM,Sobota,Saturday,Den,Day,Srážka s pevnou překážkou,Collision with a fixed obstacle,Řidičem motorového vozidla,Car driver,Nezjišťováno,Not tested,Nesprávný způsob jízdy,Inappropriate driving,0,0,0,0,0,0,"Suchý, neznečištěný",Dry and clean,Neztížené,Clear,Čerpadlo pohonných hmot,Gas station,Osobní automobil,Car,Ne,No,5000,16.627309683,49.2217584040001,16.627309683,49.2217584040001
2983,60206181744,9/15/2018 12:00:00 AM,Sobota,Saturday,Noc,Night,"Srážka s vozidlem zaparkovaným, odstaveným",Collision with a parked vehicle,Řidičem motorového vozidla,Car driver,Nezjišťováno,Not tested,Nesprávný způsob jízdy,Inappropriate driving,0,0,0,0,0,0,"Suchý, neznečištěný",Dry and clean,Neztížené,Clear,Přechod pro chodce nebo v jeho blízkosti,Pedestrian crossing or nearby,Osobní automobil,Car,Ne,No,1000,16.60515768,49.2092447970001,16.60515768,49.2092447970001
2984,60206181745,9/14/2018 12:00:00 AM,Pátek,Friday,Den,Day,"Srážka s vozidlem zaparkovaným, odstaveným",Collision with a parked vehicle,Řidičem motorového vozidla,Car driver,Nezjišťováno,Not tested,Nesprávný způsob jízdy,Inappropriate driving,0,0,0,0,0,0,"Suchý, neznečištěný",Dry and clean,Neztížené,Clear,Přechod pro chodce nebo v jeho blízkosti,Pedestrian crossing or nearby,Autobus,Bus,Ne,No,0,16.614618685,49.1993553030001,16.614618685,49.1993553030001
2985,60206181746,9/15/2018 12:00:00 AM,Sobota,Saturday,Den,Day,Srážka s pevnou překážkou,Collision with a fixed obstacle,Řidičem motorového vozidla,Car driver,Nezjišťováno,Not tested,Nesprávný způsob jízdy,Inappropriate driving,0,0,0,0,0,0,"Suchý, neznečištěný",Dry and clean,Jiné ,Other,Žádné,None,"Nezjištěno, řidič ujel",Unknown,Ne,No,0,16.5574276880001,49.1713648040001,16.5574276880001,49.1713648040001
2986,60206181747,9/16/2018 12:00:00 AM,Neděle,Sunday,Noc,Night,Srážka s pevnou překážkou,Collision with a fixed obstacle,Řidičem motorového vozidla,Car driver,Pod vlivem alkoholu,Under the influence of alcohol,Nepřiměřená rychlost jízdy,Inappropriate speed,0,1,1,0,1,1,"Suchý, neznečištěný",Dry and clean,Neztížené,Clear,Zastávka MHD,Public transport stop,Osobní automobil,Car,Ne,No,150000,16.613774682,49.1920709240001,16.613774682,49.192070924
2987,60206181748,9/16/2018 12:00:00 AM,Neděle,Sunday,Den,Day,Jiný druh nehody,Other,Řidičem nemotorového vozidla,Non-motorized vehicle driver,Ne,No,Nesprávný způsob jízdy,Inappropriate driving,0,0,1,0,0,1,"Suchý, neznečištěný",Dry and clean,Neztížené,Clear,Žádné,None,Jízdní kolo,Bicycle,Ne,No,1000,16.6286026870001,49.194217032,16.6286026870001,49.194217032
2988,60206181749,9/16/2018 12:00:00 AM,Neděle,Sunday,Den,Day,Srážka s chodcem,Collision with pedestrian,Řidičem motorového vozidla,Car driver,Ne,No,Nesprávný způsob jízdy,Inappropriate driving,0,0,1,0,0,1,"Suchý, neznečištěný",Dry and clean,Neztížené,Clear,Žádné,None,Nákladní automobil,Truck,Ne,No,0,16.608045679,49.197034183,16.608045679,49.197034183
2989,60206181750,9/16/2018 12:00:00 AM,Neděle,Sunday,Den,Day,Jiný druh nehody,Other,Řidičem motorového vozidla,Car driver,Ne,No,Nesprávný způsob jízdy,Inappropriate driving,0,0,0,0,0,0,"Suchý, neznečištěný",Dry and clean,Neztížené,Clear,Přechod pro chodce nebo v jeho blízkosti,Pedestrian crossing or nearby,Osobní automobil,Car,Ne,No,30000,16.6642996790001,49.205253601,16.6642996790001,49.205253601
2990,60206181751,9/16/2018 12:00:00 AM,Neděle,Sunday,Den,Day,"Srážka s vozidlem zaparkovaným, odstaveným",Collision with a parked vehicle,Řidičem motorového vozidla,Car driver,Ne,No,Nesprávný způsob jízdy,Inappropriate driving,0,0,0,0,0,0,"Suchý, neznečištěný",Dry and clean,Neztížené,Clear,Přechod pro chodce nebo v jeho blízkosti,Pedestrian crossing or nearby,Osobní automobil,Car,Ne,No,30000,16.591484688,49.1908628630001,16.591484688,49.1908628630001
2991,60206181752,9/17/2018 12:00:00 AM,Pondělí,Monday,Den,Day,Srážka s tramvají,Collision with a tram,Řidičem motorového vozidla,Car driver,Nezjišťováno,Not tested,Nedání přednosti v jizdě,Not respecting the right of way,0,0,0,0,0,0,"Suchý, neznečištěný",Dry and clean,Neztížené,Clear,Přechod pro chodce nebo v jeho blízkosti,Pedestrian crossing or nearby,Osobní automobil,Car,Ne,No,1000,16.600426687,49.2152910950001,16.600426687,49.215291095
2992,60206181753,9/17/2018 12:00:00 AM,Pondělí,Monday,Den,Day,Srážka s chodcem,Collision with pedestrian,Řidičem motorového vozidla,Car driver,Ne,No,Nedání přednosti v jizdě,Not respecting the right of way,0,1,0,0,1,0,"Suchý, neznečištěný",Dry and clean,Neztížené,Clear,Přechod pro chodce nebo v jeho blízkosti,Pedestrian crossing or nearby,Autobus,Bus,Ne,No,0,16.6279066760001,49.2174761960001,16.6279066760001,49.2174761960001
2993,60206181754,9/17/2018 12:00:00 AM,Pondělí,Monday,Noc,Night,"Srážka s vozidlem zaparkovaným, odstaveným",Collision with a parked vehicle,Řidičem motorového vozidla,Car driver,Nezjišťováno,Not tested,Nesprávný způsob jízdy,Inappropriate driving,0,0,0,0,0,0,"Suchý, neznečištěný",Dry and clean,Neztížené,Clear,Přechod pro chodce nebo v jeho blízkosti,Pedestrian crossing or nearby,"Nezjištěno, řidič ujel",Unknown,Ne,No,0,16.6004126820001,49.2048095760001,16.6004126820001,49.2048095760001
2994,60206181755,9/17/2018 12:00:00 AM,Pondělí,Monday,Den,Day,"Srážka s vozidlem zaparkovaným, odstaveným",Collision with a parked vehicle,Řidičem motorového vozidla,Car driver,Nezjišťováno,Not tested,Nesprávný způsob jízdy,Inappropriate driving,0,0,0,0,0,0,"Suchý, neznečištěný",Dry and clean,Neztížené,Clear,Žádné,None,"Nezjištěno, řidič ujel",Unknown,Ne,No,0,16.6524446820001,49.132979531,16.6524446820001,49.132979531