OBJECTID,ID,Datum,Den,Day,DenNoc,DayNight,DruhNehody,Type,Zavineni,CausedBy,Alkohol,Alcohol,HlavniPricina,MainCause,Usmrceno,Tezce,Lehce,DeathToll,HeavyInjuries,LightInjuries,StavPovrchu,RoadCondition,Pocasi,Weather,SpecifikaceMista,PlaceSituation,DruhVozidla,VehicleType,Smyk,Skyd,Skoda,X,Y,x2,y2
3341,60206182104,11/2/2018 12:00:00 AM,Pátek,Friday,Den,Day,Jiný druh nehody,Other,Řidičem motorového vozidla,Car driver,Nezjišťováno,Not tested,Nedání přednosti v jizdě,Not respecting the right of way,0,0,1,0,0,1,"Suchý, neznečištěný",Dry and clean,Neztížené,Clear,Žádné,None,"Nezjištěno, řidič ujel",Unknown,Ne,No,0,16.643456686,49.212428957,16.643456686,49.212428957
3342,60206182105,11/2/2018 12:00:00 AM,Pátek,Friday,Den,Day,"Srážka s vozidlem zaparkovaným, odstaveným",Collision with a parked vehicle,Řidičem motorového vozidla,Car driver,Ne,No,Nesprávný způsob jízdy,Inappropriate driving,0,0,0,0,0,0,"Suchý, neznečištěný",Dry and clean,Neztížené,Clear,Přechod pro chodce nebo v jeho blízkosti,Pedestrian crossing or nearby,Nákladní automobil,Truck,Ne,No,1000,16.5284876870001,49.171519806,16.5284876870001,49.171519806
3343,60206182106,11/2/2018 12:00:00 AM,Pátek,Friday,Den,Day,Srážka s chodcem,Collision with pedestrian,Chodcem,Pedestrian,Ne,No,Nezaviněná řidičem,Not caused by driver,0,0,1,0,0,1,"Suchý, neznečištěný",Dry and clean,Neztížené,Clear,Žádné,None,Jízdní kolo,Bicycle,Ne,No,10000,16.6382796790001,49.2044505580001,16.6382796790001,49.2044505580001
3344,60206182107,11/2/2018 12:00:00 AM,Pátek,Friday,Noc,Night,Srážka s chodcem,Collision with pedestrian,Chodcem,Pedestrian,Pod vlivem alkoholu,Under the influence of alcohol,Nezaviněná řidičem,Not caused by driver,0,0,1,0,0,1,Mokrý,Wet,Slabý déšť,Light Raining,Přechod pro chodce nebo v jeho blízkosti,Pedestrian crossing or nearby,Tramvaj,Tram,Ne,No,5000,16.611994683,49.1970521790001,16.611994683,49.1970521790001
3345,60206182108,11/2/2018 12:00:00 AM,Pátek,Friday,Noc,Night,Srážka s pevnou překážkou,Collision with a fixed obstacle,Řidičem motorového vozidla,Car driver,Ne,No,Nepřiměřená rychlost jízdy,Inappropriate speed,0,0,1,0,0,1,Mokrý,Wet,Déšť,Raining,Žádné,None,Osobní automobil,Car,Ano,Yes,40000,16.6688956780001,49.185366564,16.6688956780001,49.185366564
3346,60206182109,11/3/2018 12:00:00 AM,Sobota,Saturday,Noc,Night,"Srážka s vozidlem zaparkovaným, odstaveným",Collision with a parked vehicle,Řidičem motorového vozidla,Car driver,Ne,No,Nepřiměřená rychlost jízdy,Inappropriate speed,0,0,0,0,0,0,Mokrý,Wet,Déšť,Raining,Žádné,None,Osobní automobil,Car,Ne,No,40000,16.673802681,49.1797422650001,16.673802681,49.1797422650001
3347,60206182110,11/3/2018 12:00:00 AM,Sobota,Saturday,Noc,Night,Havárie,Crash,Řidičem motorového vozidla,Car driver,Ne,No,Nepřiměřená rychlost jízdy,Inappropriate speed,0,0,0,0,0,0,Mokrý,Wet,Neztížené,Clear,Čerpadlo pohonných hmot,Gas station,Osobní automobil,Car,Ne,No,30000,16.5999016870001,49.1552748840001,16.5999016870001,49.155274884
3348,60206182111,11/3/2018 12:00:00 AM,Sobota,Saturday,Den,Day,Srážka s jedoucím nekolejovým vozidlem,Collision with other motor vehicle,Řidičem motorového vozidla,Car driver,Ne,No,Nedání přednosti v jizdě,Not respecting the right of way,0,0,1,0,0,1,Mokrý,Wet,Déšť,Raining,Přechod pro chodce nebo v jeho blízkosti,Pedestrian crossing or nearby,Osobní automobil,Car,Ne,No,30000,16.6313016870001,49.189807801,16.6313016870001,49.189807801
3349,60206182112,11/3/2018 12:00:00 AM,Sobota,Saturday,Noc,Night,"Srážka s vozidlem zaparkovaným, odstaveným",Collision with a parked vehicle,Řidičem motorového vozidla,Car driver,Nezjišťováno,Not tested,Nesprávný způsob jízdy,Inappropriate driving,0,0,0,0,0,0,Mokrý,Wet,Slabý déšť,Light Raining,Přechod pro chodce nebo v jeho blízkosti,Pedestrian crossing or nearby,"Nezjištěno, řidič ujel",Unknown,Ne,No,0,16.595025677,49.2199943190001,16.595025677,49.2199943190001
3350,60206182113,11/3/2018 12:00:00 AM,Sobota,Saturday,Den,Day,Srážka s jedoucím nekolejovým vozidlem,Collision with other motor vehicle,Řidičem motorového vozidla,Car driver,Ne,No,Nedání přednosti v jizdě,Not respecting the right of way,0,0,0,0,0,0,Mokrý,Wet,Neztížené,Clear,Přechod pro chodce nebo v jeho blízkosti,Pedestrian crossing or nearby,Osobní automobil,Car,Ne,No,60000,16.579648677,49.247048546,16.579648677,49.247048546
3351,60206182114,11/3/2018 12:00:00 AM,Sobota,Saturday,Noc,Night,"Srážka s vozidlem zaparkovaným, odstaveným",Collision with a parked vehicle,Řidičem motorového vozidla,Car driver,Nezjišťováno,Not tested,Nesprávný způsob jízdy,Inappropriate driving,0,0,0,0,0,0,Mokrý,Wet,Neztížené,Clear,Žádné,None,"Nezjištěno, řidič ujel",Unknown,Ne,No,0,16.624753679,49.223658491,16.624753679,49.223658491
3352,60206182115,11/3/2018 12:00:00 AM,Sobota,Saturday,Den,Day,Srážka s pevnou překážkou,Collision with a fixed obstacle,Řidičem motorového vozidla,Car driver,Ne,No,Nepřiměřená rychlost jízdy,Inappropriate speed,0,0,0,0,0,0,Mokrý,Wet,Neztížené,Clear,Žádné,None,Osobní automobil,Car,Ano,Yes,30000,16.5627556910001,49.17766815,16.5627556910001,49.17766815
3353,60206182116,11/3/2018 12:00:00 AM,Sobota,Saturday,Noc,Night,"Srážka s vozidlem zaparkovaným, odstaveným",Collision with a parked vehicle,Řidičem motorového vozidla,Car driver,Nezjišťováno,Not tested,Nesprávný způsob jízdy,Inappropriate driving,0,0,0,0,0,0,Mokrý,Wet,Neztížené,Clear,Přechod pro chodce nebo v jeho blízkosti,Pedestrian crossing or nearby,"Nezjištěno, řidič ujel",Unknown,Ne,No,0,16.632758686,49.185493578,16.632758686,49.185493578
3354,60206182117,11/3/2018 12:00:00 AM,Sobota,Saturday,Den,Day,Srážka s jedoucím nekolejovým vozidlem,Collision with other motor vehicle,Řidičem motorového vozidla,Car driver,Ne,No,Nedání přednosti v jizdě,Not respecting the right of way,0,0,1,0,0,1,"Suchý, neznečištěný",Dry and clean,Neztížené,Clear,Žádné,None,Osobní automobil,Car,Ne,No,40000,16.6077426860001,49.1889747610001,16.6077426860001,49.188974761
3355,60206182118,11/3/2018 12:00:00 AM,Sobota,Saturday,Den,Day,"Srážka s vozidlem zaparkovaným, odstaveným",Collision with a parked vehicle,Řidičem motorového vozidla,Car driver,Nezjišťováno,Not tested,Nesprávný způsob jízdy,Inappropriate driving,0,0,0,0,0,0,Mokrý,Wet,Neztížené,Clear,Přechod pro chodce nebo v jeho blízkosti,Pedestrian crossing or nearby,Osobní automobil,Car,Ne,No,1000,16.6441346830001,49.1865386270001,16.6441346830001,49.1865386270001
3356,60206182119,11/4/2018 12:00:00 AM,Neděle,Sunday,Noc,Night,"Srážka s vozidlem zaparkovaným, odstaveným",Collision with a parked vehicle,Řidičem motorového vozidla,Car driver,Nezjišťováno,Not tested,Nesprávný způsob jízdy,Inappropriate driving,0,0,0,0,0,0,"Suchý, neznečištěný",Dry and clean,Neztížené,Clear,Přechod pro chodce nebo v jeho blízkosti,Pedestrian crossing or nearby,"Nezjištěno, řidič ujel",Unknown,Ne,No,0,16.63623768,49.202071436,16.63623768,49.202071436
3357,60206182120,11/4/2018 12:00:00 AM,Neděle,Sunday,Den,Day,"Srážka s vozidlem zaparkovaným, odstaveným",Collision with a parked vehicle,Řidičem motorového vozidla,Car driver,Ne,No,Nesprávný způsob jízdy,Inappropriate driving,0,0,0,0,0,0,"Suchý, neznečištěný",Dry and clean,Neztížené,Clear,Přechod pro chodce nebo v jeho blízkosti,Pedestrian crossing or nearby,Osobní automobil,Car,Ne,No,30000,16.6573986810001,49.1901388220001,16.6573986810001,49.190138822
3358,60206182121,11/4/2018 12:00:00 AM,Neděle,Sunday,Noc,Night,"Srážka s vozidlem zaparkovaným, odstaveným",Collision with a parked vehicle,Řidičem motorového vozidla,Car driver,Nezjišťováno,Not tested,Nesprávný způsob jízdy,Inappropriate driving,0,0,0,0,0,0,"Suchý, neznečištěný",Dry and clean,Neztížené,Clear,Přechod pro chodce nebo v jeho blízkosti,Pedestrian crossing or nearby,"Nezjištěno, řidič ujel",Unknown,Ne,No,0,16.552879681,49.17810217,16.552879681,49.17810217
3359,60206182122,11/4/2018 12:00:00 AM,Neděle,Sunday,Den,Day,Srážka s pevnou překážkou,Collision with a fixed obstacle,Řidičem motorového vozidla,Car driver,Nezjišťováno,Not tested,Nesprávný způsob jízdy,Inappropriate driving,0,0,0,0,0,0,"Suchý, neznečištěný",Dry and clean,Neztížené,Clear,Přechod pro chodce nebo v jeho blízkosti,Pedestrian crossing or nearby,Nákladní automobil,Truck,Ne,No,10000,16.6070336870001,49.1935620020001,16.6070336870001,49.1935620020001
3360,60206182123,11/4/2018 12:00:00 AM,Neděle,Sunday,Noc,Night,"Srážka s vozidlem zaparkovaným, odstaveným",Collision with a parked vehicle,Řidičem motorového vozidla,Car driver,Nezjišťováno,Not tested,Nesprávný způsob jízdy,Inappropriate driving,0,0,0,0,0,0,"Suchý, neznečištěný",Dry and clean,Neztížené,Clear,Přechod pro chodce nebo v jeho blízkosti,Pedestrian crossing or nearby,"Nezjištěno, řidič ujel",Unknown,Ne,No,0,16.5759406780001,49.166102503,16.5759406780001,49.166102503
3361,60206182124,11/4/2018 12:00:00 AM,Neděle,Sunday,Den,Day,"Srážka s vozidlem zaparkovaným, odstaveným",Collision with a parked vehicle,Řidičem motorového vozidla,Car driver,Ne,No,Nesprávný způsob jízdy,Inappropriate driving,0,0,0,0,0,0,"Suchý, neznečištěný",Dry and clean,Neztížené,Clear,Přechod pro chodce nebo v jeho blízkosti,Pedestrian crossing or nearby,Osobní automobil,Car,Ne,No,20000,16.5184756890001,49.2298987830001,16.5184756890001,49.2298987830001
3362,60206182125,11/4/2018 12:00:00 AM,Neděle,Sunday,Noc,Night,"Srážka s vozidlem zaparkovaným, odstaveným",Collision with a parked vehicle,Řidičem motorového vozidla,Car driver,Nezjišťováno,Not tested,Nesprávný způsob jízdy,Inappropriate driving,0,0,0,0,0,0,"Suchý, neznečištěný",Dry and clean,Neztížené,Clear,Přechod pro chodce nebo v jeho blízkosti,Pedestrian crossing or nearby,"Nezjištěno, řidič ujel",Unknown,Ne,No,0,16.5329396860001,49.198953278,16.5329396860001,49.198953278
3363,60206182126,11/4/2018 12:00:00 AM,Neděle,Sunday,Den,Day,"Srážka s vozidlem zaparkovaným, odstaveným",Collision with a parked vehicle,Řidičem motorového vozidla,Car driver,Nezjišťováno,Not tested,Nesprávný způsob jízdy,Inappropriate driving,0,0,0,0,0,0,"Suchý, neznečištěný",Dry and clean,Neztížené,Clear,Přechod pro chodce nebo v jeho blízkosti,Pedestrian crossing or nearby,Osobní automobil,Car,Ne,No,20000,16.5443996860001,49.19377301,16.5443996860001,49.19377301
3364,60206182127,11/4/2018 12:00:00 AM,Neděle,Sunday,Noc,Night,Srážka s jedoucím nekolejovým vozidlem,Collision with other motor vehicle,Řidičem motorového vozidla,Car driver,Ne,No,Nedání přednosti v jizdě,Not respecting the right of way,0,0,0,0,0,0,"Suchý, neznečištěný",Dry and clean,Neztížené,Clear,Přechod pro chodce nebo v jeho blízkosti,Pedestrian crossing or nearby,Osobní automobil,Car,Ne,No,120000,16.5892016830001,49.2126619650001,16.5892016830001,49.2126619650001
3365,60206182128,11/5/2018 12:00:00 AM,Pondělí,Monday,Noc,Night,"Srážka s vozidlem zaparkovaným, odstaveným",Collision with a parked vehicle,Řidičem motorového vozidla,Car driver,Nezjišťováno,Not tested,Nesprávný způsob jízdy,Inappropriate driving,0,0,0,0,0,0,"Suchý, neznečištěný",Dry and clean,Neztížené,Clear,Žádné,None,"Nezjištěno, řidič ujel",Unknown,Ne,No,0,16.540721021,49.19368711,16.540721021,49.19368711
3366,60206182129,11/5/2018 12:00:00 AM,Pondělí,Monday,Den,Day,Srážka s jedoucím nekolejovým vozidlem,Collision with other motor vehicle,Řidičem motorového vozidla,Car driver,Ne,No,Nedání přednosti v jizdě,Not respecting the right of way,0,0,1,0,0,1,"Suchý, neznečištěný",Dry and clean,Neztížené,Clear,Žádné,None,Osobní automobil,Car,Ne,No,30000,16.6505126860001,49.1545918400001,16.6505126860001,49.1545918400001
3367,60206182130,11/5/2018 12:00:00 AM,Pondělí,Monday,Den,Day,"Srážka s vozidlem zaparkovaným, odstaveným",Collision with a parked vehicle,Řidičem motorového vozidla,Car driver,Ne,No,Nesprávný způsob jízdy,Inappropriate driving,0,0,0,0,0,0,"Suchý, neznečištěný",Dry and clean,Neztížené,Clear,Výjezd z parkoviště,Exit from car park,Osobní automobil,Car,Ne,No,60000,16.59158968,49.2107108650001,16.59158968,49.2107108650001
3368,60206182131,11/5/2018 12:00:00 AM,Pondělí,Monday,Den,Day,Srážka s jedoucím nekolejovým vozidlem,Collision with other motor vehicle,Řidičem motorového vozidla,Car driver,Nezjišťováno,Not tested,Nesprávný způsob jízdy,Inappropriate driving,0,0,0,0,0,0,"Suchý, neznečištěný",Dry and clean,Neztížené,Clear,Žádné,None,"Nezjištěno, řidič ujel",Unknown,Ne,No,0,16.6008076860001,49.1547228480001,16.6008076860001,49.154722848
3369,60206182132,11/5/2018 12:00:00 AM,Pondělí,Monday,Den,Day,Srážka s jedoucím nekolejovým vozidlem,Collision with other motor vehicle,Řidičem motorového vozidla,Car driver,Ne,No,Nedání přednosti v jizdě,Not respecting the right of way,0,0,1,0,0,1,"Suchý, neznečištěný",Dry and clean,Neztížené,Clear,Žádné,None,Osobní automobil,Car,Ne,No,10000,16.5991516760001,49.1890347620001,16.5991516760001,49.1890347620001
3370,60206182133,11/5/2018 12:00:00 AM,Pondělí,Monday,Noc,Night,"Srážka s vozidlem zaparkovaným, odstaveným",Collision with a parked vehicle,Řidičem motorového vozidla,Car driver,Nezjišťováno,Not tested,Nesprávný způsob jízdy,Inappropriate driving,0,0,0,0,0,0,"Suchý, neznečištěný",Dry and clean,Neztížené,Clear,Žádné,None,"Nezjištěno, řidič ujel",Unknown,Ne,No,0,16.595245688,49.2065676660001,16.595245688,49.2065676660001
3371,60206182134,11/4/2018 12:00:00 AM,Neděle,Sunday,Noc,Night,Srážka s pevnou překážkou,Collision with a fixed obstacle,Řidičem motorového vozidla,Car driver,Nezjišťováno,Not tested,Nepřiměřená rychlost jízdy,Inappropriate speed,0,0,0,0,0,0,"Suchý, neznečištěný",Dry and clean,Neztížené,Clear,Žádné,None,"Nezjištěno, řidič ujel",Unknown,Ne,No,0,16.56288369,49.1776651530001,16.56288369,49.1776651530001
3372,60206182135,11/5/2018 12:00:00 AM,Pondělí,Monday,Den,Day,"Srážka s vozidlem zaparkovaným, odstaveným",Collision with a parked vehicle,Řidičem motorového vozidla,Car driver,Ne,No,Nesprávný způsob jízdy,Inappropriate driving,0,0,0,0,0,0,"Suchý, neznečištěný",Dry and clean,Neztížené,Clear,Výjezd z parkoviště,Exit from car park,Nákladní automobil,Truck,Ne,No,0,16.5895971030001,49.1859945260001,16.5895971030001,49.1859945260001
3373,60206182136,11/5/2018 12:00:00 AM,Pondělí,Monday,Den,Day,Srážka s jedoucím nekolejovým vozidlem,Collision with other motor vehicle,Řidičem motorového vozidla,Car driver,Ne,No,Nedání přednosti v jizdě,Not respecting the right of way,0,0,1,0,0,1,"Suchý, neznečištěný",Dry and clean,Neztížené,Clear,Přechod pro chodce nebo v jeho blízkosti,Pedestrian crossing or nearby,Osobní automobil,Car,Ne,No,40000,16.5814436800001,49.229489759,16.5814436800001,49.229489759
3374,60206182137,11/4/2018 12:00:00 AM,Neděle,Sunday,Den,Day,Srážka s pevnou překážkou,Collision with a fixed obstacle,Řidičem motorového vozidla,Car driver,Nezjišťováno,Not tested,Nesprávný způsob jízdy,Inappropriate driving,0,0,0,0,0,0,"Suchý, neznečištěný",Dry and clean,Neztížené,Clear,Výjezd z parkoviště,Exit from car park,Osobní automobil,Car,Ne,No,5000,16.5970406820001,49.188388731,16.5970406820001,49.188388731
3375,60206182138,11/5/2018 12:00:00 AM,Pondělí,Monday,Noc,Night,"Srážka s vozidlem zaparkovaným, odstaveným",Collision with a parked vehicle,Řidičem motorového vozidla,Car driver,Nezjišťováno,Not tested,Nesprávný způsob jízdy,Inappropriate driving,0,0,0,0,0,0,"Suchý, neznečištěný",Dry and clean,Neztížené,Clear,Žádné,None,"Nezjištěno, řidič ujel",Unknown,Ne,No,0,16.6156616760001,49.215862122,16.6156616760001,49.215862122
3376,60206182139,11/5/2018 12:00:00 AM,Pondělí,Monday,Den,Day,Srážka s pevnou překážkou,Collision with a fixed obstacle,Řidičem motorového vozidla,Car driver,Ne,No,Nesprávný způsob jízdy,Inappropriate driving,0,0,0,0,0,0,"Suchý, neznečištěný",Dry and clean,Neztížené,Clear,Žádné,None,Nákladní automobil,Truck,Ne,No,0,16.5988156820001,49.212734966,16.5988156820001,49.212734966
3377,60206182140,11/6/2018 12:00:00 AM,Úterý,Tuesday,Den,Day,Srážka s jedoucím nekolejovým vozidlem,Collision with other motor vehicle,Řidičem motorového vozidla,Car driver,Ne,No,Nesprávný způsob jízdy,Inappropriate driving,0,0,0,0,0,0,"Suchý, neznečištěný",Dry and clean,Neztížené,Clear,Přechod pro chodce nebo v jeho blízkosti,Pedestrian crossing or nearby,Autobus,Bus,Ne,No,150000,16.6151376830001,49.185532573,16.6151376830001,49.185532573
3378,60206182141,11/6/2018 12:00:00 AM,Úterý,Tuesday,Den,Day,Srážka s jedoucím nekolejovým vozidlem,Collision with other motor vehicle,Řidičem motorového vozidla,Car driver,Ne,No,Nepřiměřená rychlost jízdy,Inappropriate speed,0,0,0,0,0,0,"Suchý, neznečištěný",Dry and clean,Neztížené,Clear,"Most, nadjezd, podjezd, tunel","Bridge, overpass, underpass, tunel ",Nákladní automobil,Truck,Ano,Yes,60000,16.6426923330001,49.2103791100001,16.6426923330001,49.2103791100001
3379,60206182142,11/6/2018 12:00:00 AM,Úterý,Tuesday,Den,Day,Srážka s jedoucím nekolejovým vozidlem,Collision with other motor vehicle,Řidičem motorového vozidla,Car driver,Ne,No,Nedání přednosti v jizdě,Not respecting the right of way,0,0,1,0,0,1,"Suchý, neznečištěný",Dry and clean,Neztížené,Clear,Žádné,None,Osobní automobil,Car,Ne,No,20000,16.646498681,49.195610102,16.646498681,49.1956101020001
3380,60206182143,11/6/2018 12:00:00 AM,Úterý,Tuesday,Den,Day,Srážka s jedoucím nekolejovým vozidlem,Collision with other motor vehicle,Řidičem motorového vozidla,Car driver,Ne,No,Nedání přednosti v jizdě,Not respecting the right of way,0,0,1,0,0,1,"Suchý, neznečištěný",Dry and clean,Neztížené,Clear,Přechod pro chodce nebo v jeho blízkosti,Pedestrian crossing or nearby,Osobní automobil,Car,Ne,No,20000,16.6304816860001,49.1649624360001,16.6304816860001,49.164962436
3381,60206182144,11/6/2018 12:00:00 AM,Úterý,Tuesday,Den,Day,Srážka s chodcem,Collision with pedestrian,Řidičem motorového vozidla,Car driver,Ne,No,Nedání přednosti v jizdě,Not respecting the right of way,0,1,0,0,1,0,"Suchý, neznečištěný",Dry and clean,Neztížené,Clear,Žádné,None,Osobní automobil,Car,Ne,No,15000,16.57164792,49.207966938,16.57164792,49.207966938
3382,60206182145,11/6/2018 12:00:00 AM,Úterý,Tuesday,Den,Day,Srážka s pevnou překážkou,Collision with a fixed obstacle,Řidičem motorového vozidla,Car driver,Ne,No,Nesprávný způsob jízdy,Inappropriate driving,0,0,0,0,0,0,"Suchý, neznečištěný",Dry and clean,Neztížené,Clear,Žádné,None,Nákladní automobil,Truck,Ne,No,15000,16.5473016830001,49.197011176,16.5473016830001,49.197011176
3383,60206182146,11/5/2018 12:00:00 AM,Pondělí,Monday,Noc,Night,"Srážka s vozidlem zaparkovaným, odstaveným",Collision with a parked vehicle,Řidičem motorového vozidla,Car driver,Nezjišťováno,Not tested,Nesprávný způsob jízdy,Inappropriate driving,0,0,0,0,0,0,"Suchý, neznečištěný",Dry and clean,Neztížené,Clear,Přechod pro chodce nebo v jeho blízkosti,Pedestrian crossing or nearby,"Nezjištěno, řidič ujel",Unknown,Ne,No,0,16.6485466890001,49.1960371260001,16.6485466890001,49.1960371260001
3384,60206182147,11/6/2018 12:00:00 AM,Úterý,Tuesday,Den,Day,Srážka s jedoucím nekolejovým vozidlem,Collision with other motor vehicle,Řidičem motorového vozidla,Car driver,Pod vlivem alkoholu,Under the influence of alcohol,Nesprávný způsob jízdy,Inappropriate driving,0,0,0,0,0,0,"Suchý, neznečištěný",Dry and clean,Neztížené,Clear,Žádné,None,Osobní automobil,Car,Ne,No,10000,16.536491681,49.2218634060001,16.536491681,49.2218634060001
3385,60206182148,11/6/2018 12:00:00 AM,Úterý,Tuesday,Noc,Night,"Srážka s vozidlem zaparkovaným, odstaveným",Collision with a parked vehicle,Řidičem motorového vozidla,Car driver,Nezjišťováno,Not tested,Nesprávný způsob jízdy,Inappropriate driving,0,0,0,0,0,0,"Suchý, neznečištěný",Dry and clean,Neztížené,Clear,Žádné,None,"Nezjištěno, řidič ujel",Unknown,Ne,No,0,16.5909796770001,49.199300292,16.5909796770001,49.199300292
3386,60206182149,11/7/2018 12:00:00 AM,Středa,Wednesday,Den,Day,Havárie,Crash,Řidičem motorového vozidla,Car driver,Ne,No,Nesprávný způsob jízdy,Inappropriate driving,0,0,0,0,0,0,"Suchý, neznečištěný",Dry and clean,Neztížené,Clear,Přechod pro chodce nebo v jeho blízkosti,Pedestrian crossing or nearby,Nákladní automobil,Truck,Ne,No,0,16.6130246810001,49.2007053630001,16.6130246810001,49.2007053630001
3387,60206182150,11/7/2018 12:00:00 AM,Středa,Wednesday,Noc,Night,"Srážka s vozidlem zaparkovaným, odstaveným",Collision with a parked vehicle,Řidičem motorového vozidla,Car driver,Nezjišťováno,Not tested,Nesprávný způsob jízdy,Inappropriate driving,0,0,0,0,0,0,"Suchý, neznečištěný",Dry and clean,Neztížené,Clear,Přechod pro chodce nebo v jeho blízkosti,Pedestrian crossing or nearby,"Nezjištěno, řidič ujel",Unknown,Ne,No,0,16.605815681,49.2114469050001,16.605815681,49.2114469050001
3388,60206182151,11/7/2018 12:00:00 AM,Středa,Wednesday,Noc,Night,"Srážka s vozidlem zaparkovaným, odstaveným",Collision with a parked vehicle,Řidičem motorového vozidla,Car driver,Nezjišťováno,Not tested,Nesprávný způsob jízdy,Inappropriate driving,0,0,0,0,0,0,"Suchý, neznečištěný",Dry and clean,Neztížené,Clear,Přechod pro chodce nebo v jeho blízkosti,Pedestrian crossing or nearby,"Nezjištěno, řidič ujel",Unknown,Ne,No,0,16.5818226800001,49.170417752,16.5818226800001,49.170417752
3389,60206182152,11/7/2018 12:00:00 AM,Středa,Wednesday,Den,Day,Srážka s jedoucím nekolejovým vozidlem,Collision with other motor vehicle,Řidičem motorového vozidla,Car driver,Ne,No,Nedání přednosti v jizdě,Not respecting the right of way,0,0,1,0,0,1,"Suchý, neznečištěný",Dry and clean,Neztížené,Clear,Přechod pro chodce nebo v jeho blízkosti,Pedestrian crossing or nearby,Osobní automobil,Car,Ne,No,40000,16.6410446830001,49.1885207340001,16.6410446830001,49.1885207340001
3390,60206182153,11/7/2018 12:00:00 AM,Středa,Wednesday,Den,Day,Srážka s chodcem,Collision with pedestrian,Chodcem,Pedestrian,Ne,No,Nezaviněná řidičem,Not caused by driver,0,1,0,0,1,0,"Suchý, neznečištěný",Dry and clean,Neztížené,Clear,Žádné,None,Osobní automobil,Car,Ne,No,5000,16.6215296560001,49.193430037,16.6215296560001,49.193430037
3391,60206182154,11/7/2018 12:00:00 AM,Středa,Wednesday,Den,Day,Srážka s pevnou překážkou,Collision with a fixed obstacle,Řidičem motorového vozidla,Car driver,Ne,No,Nesprávný způsob jízdy,Inappropriate driving,0,0,0,0,0,0,"Suchý, neznečištěný",Dry and clean,Neztížené,Clear,Žádné,None,Nákladní automobil,Truck,Ne,No,5000,16.580831688,49.2112108950001,16.580831688,49.2112108950001
3392,60206182155,11/7/2018 12:00:00 AM,Středa,Wednesday,Den,Day,Srážka s tramvají,Collision with a tram,Řidičem motorového vozidla,Car driver,Ne,No,Nedání přednosti v jizdě,Not respecting the right of way,0,0,1,0,0,1,"Suchý, neznečištěný",Dry and clean,Neztížené,Clear,Žádné,None,Osobní automobil,Car,Ne,No,120000,16.594620676,49.1816053680001,16.594620676,49.1816053680001
3393,60206182156,11/8/2018 12:00:00 AM,Čtvrtek,Thursday,Noc,Night,Srážka s jedoucím nekolejovým vozidlem,Collision with other motor vehicle,Řidičem motorového vozidla,Car driver,Ne,No,Nedání přednosti v jizdě,Not respecting the right of way,0,0,0,0,0,0,"Suchý, neznečištěný",Dry and clean,Neztížené,Clear,Žádné,None,Osobní automobil,Car,Ne,No,120000,16.6021546900001,49.1467423720001,16.6021546900001,49.1467423720001
3394,60206182157,11/8/2018 12:00:00 AM,Čtvrtek,Thursday,Den,Day,Srážka s chodcem,Collision with pedestrian,Řidičem motorového vozidla,Car driver,Ne,No,Nedání přednosti v jizdě,Not respecting the right of way,0,0,1,0,0,1,"Suchý, neznečištěný",Dry and clean,Neztížené,Clear,Přechod pro chodce nebo v jeho blízkosti,Pedestrian crossing or nearby,Osobní automobil,Car,Ne,No,5000,16.5876166790001,49.211703915,16.5876166790001,49.211703915
3395,60206182158,11/8/2018 12:00:00 AM,Čtvrtek,Thursday,Den,Day,Srážka s pevnou překážkou,Collision with a fixed obstacle,Řidičem motorového vozidla,Car driver,Pod vlivem alkoholu,Under the influence of alcohol,Nepřiměřená rychlost jízdy,Inappropriate speed,0,0,0,0,0,0,"Suchý, neznečištěný",Dry and clean,Neztížené,Clear,Čerpadlo pohonných hmot,Gas station,Osobní automobil,Car,Ne,No,30000,16.626625689,49.222025413,16.626625689,49.222025413
3396,60206182159,11/8/2018 12:00:00 AM,Čtvrtek,Thursday,Den,Day,Srážka s jedoucím nekolejovým vozidlem,Collision with other motor vehicle,Řidičem motorového vozidla,Car driver,Ne,No,Nedání přednosti v jizdě,Not respecting the right of way,0,0,0,0,0,0,"Suchý, neznečištěný",Dry and clean,Neztížené,Clear,Zastávka MHD,Public transport stop,Osobní automobil,Car,Ne,No,300000,16.653253686,49.1359317180001,16.653253686,49.1359317180001
3397,60206182160,10/31/2018 12:00:00 AM,Středa,Wednesday,Noc,Night,"Srážka s vozidlem zaparkovaným, odstaveným",Collision with a parked vehicle,Řidičem motorového vozidla,Car driver,Nezjišťováno,Not tested,Nesprávný způsob jízdy,Inappropriate driving,0,0,0,0,0,0,"Suchý, neznečištěný",Dry and clean,Neztížené,Clear,Přechod pro chodce nebo v jeho blízkosti,Pedestrian crossing or nearby,"Nezjištěno, řidič ujel",Unknown,Ne,No,0,16.6336496770001,49.2110848830001,16.6336496770001,49.2110848830001
3398,60206182161,11/8/2018 12:00:00 AM,Čtvrtek,Thursday,Den,Day,"Srážka s vozidlem zaparkovaným, odstaveným",Collision with a parked vehicle,Řidičem motorového vozidla,Car driver,Ne,No,Nesprávný způsob jízdy,Inappropriate driving,0,0,0,0,0,0,"Suchý, neznečištěný",Dry and clean,Neztížené,Clear,Žádné,None,Nákladní automobil,Truck,Ne,No,0,16.639496676,49.2150300800001,16.639496676,49.2150300800001