OBJECTID,ID,Datum,Den,Day,DenNoc,DayNight,DruhNehody,Type,Zavineni,CausedBy,Alkohol,Alcohol,HlavniPricina,MainCause,Usmrceno,Tezce,Lehce,DeathToll,HeavyInjuries,LightInjuries,StavPovrchu,RoadCondition,Pocasi,Weather,SpecifikaceMista,PlaceSituation,DruhVozidla,VehicleType,Smyk,Skyd,Skoda,X,Y,x2,y2
3811,60306180016,1/3/2018 12:00:00 AM,Středa,Wednesday,Den,Day,Srážka s pevnou překážkou,Collision with a fixed obstacle,Řidičem motorového vozidla,Car driver,Ne,No,Nepřiměřená rychlost jízdy,Inappropriate speed,0,0,0,0,0,0,"Náledí, ujetý sníh - neposypané","Ice, snow - no grit","Námraza, náledí","Frost, icy",Žádné,None,Nákladní automobil,Truck,Ano,Yes,70000,16.4451314670001,49.1897402230001,16.4451314670001,49.1897402230001
3812,60306180017,1/3/2018 12:00:00 AM,Středa,Wednesday,Den,Day,Srážka s pevnou překážkou,Collision with a fixed obstacle,Řidičem motorového vozidla,Car driver,Ne,No,Nepřiměřená rychlost jízdy,Inappropriate speed,0,0,0,0,0,0,"Náledí, ujetý sníh - posypané","Ice, snow - grit","Námraza, náledí","Frost, icy",Žádné,None,Osobní automobil,Car,Ano,Yes,300000,16.3681456940001,49.3928489990001,16.3681456940001,49.3928489990001
3813,60306180018,1/3/2018 12:00:00 AM,Středa,Wednesday,Den,Day,Srážka s pevnou překážkou,Collision with a fixed obstacle,Řidičem motorového vozidla,Car driver,Ne,No,Nepřiměřená rychlost jízdy,Inappropriate speed,0,0,0,0,0,0,"Náledí, ujetý sníh - posypané","Ice, snow - grit","Námraza, náledí","Frost, icy",Žádné,None,Osobní automobil,Car,Ano,Yes,100000,16.7358826830001,49.0803680080001,16.7358826830001,49.0803680080001
3814,60306180019,1/3/2018 12:00:00 AM,Středa,Wednesday,Noc,Night,Srážka s pevnou překážkou,Collision with a fixed obstacle,Řidičem motorového vozidla,Car driver,Ne,No,Nepřiměřená rychlost jízdy,Inappropriate speed,0,0,0,0,0,0,"Náledí, ujetý sníh - posypané","Ice, snow - grit","Námraza, náledí","Frost, icy",Přechod pro chodce nebo v jeho blízkosti,Pedestrian crossing or nearby,Nákladní automobil,Truck,Ano,Yes,30000,16.701533683,49.160182164,16.701533683,49.160182164
3815,60306180020,1/4/2018 12:00:00 AM,Čtvrtek,Thursday,Den,Day,Srážka s jedoucím nekolejovým vozidlem,Collision with other motor vehicle,Řidičem motorového vozidla,Car driver,Ne,No,Nepřiměřená rychlost jízdy,Inappropriate speed,0,0,0,0,0,0,"Náledí, ujetý sníh - neposypané","Ice, snow - no grit","Námraza, náledí","Frost, icy",Žádné,None,Osobní automobil,Car,Ano,Yes,65000,16.47421568,49.2925103200001,16.47421568,49.2925103200001
3816,60306180021,1/4/2018 12:00:00 AM,Čtvrtek,Thursday,Den,Day,Srážka s pevnou překážkou,Collision with a fixed obstacle,Řidičem motorového vozidla,Car driver,Ne,No,Nepřiměřená rychlost jízdy,Inappropriate speed,0,0,0,0,0,0,"Náledí, ujetý sníh - neposypané","Ice, snow - no grit",Neztížené,Clear,Žádné,None,Osobní automobil,Car,Ano,Yes,5000,16.716491675,49.16587049,16.716491675,49.16587049
3817,60306180022,1/3/2018 12:00:00 AM,Středa,Wednesday,Noc,Night,Srážka s pevnou překážkou,Collision with a fixed obstacle,Řidičem motorového vozidla,Car driver,Nezjišťováno,Not tested,Nepřiměřená rychlost jízdy,Inappropriate speed,0,0,0,0,0,0,"Náledí, ujetý sníh - neposypané","Ice, snow - no grit",Neztížené,Clear,Žádné,None,"Nezjištěno, řidič ujel",Unknown,Ne,No,0,16.717035686,49.1660034980001,16.717035686,49.1660034980001
3818,60306180023,1/5/2018 12:00:00 AM,Pátek,Friday,Den,Day,Srážka s lesní zvěří,Collision with wildlife animals,"Lesní zvěří, domácim zvířetem","Wildlife animal, pet",Nezjišťováno,Not tested,Nezaviněná řidičem,Not caused by driver,0,0,0,0,0,0,Mokrý,Wet,Mlha,Fog,Žádné,None,Osobní automobil,Car,Ne,No,100000,16.524790679,49.2831949870001,16.524790679,49.2831949870001
3819,60306180024,1/5/2018 12:00:00 AM,Pátek,Friday,Noc,Night,Srážka s jedoucím nekolejovým vozidlem,Collision with other motor vehicle,Řidičem motorového vozidla,Car driver,Ne,No,Nedání přednosti v jizdě,Not respecting the right of way,0,0,1,0,0,1,Mokrý,Wet,Slabý déšť,Light Raining,Žádné,None,Osobní automobil,Car,Ne,No,80000,16.617016689,49.0367807390001,16.617016689,49.0367807390001
3820,60306180025,1/6/2018 12:00:00 AM,Sobota,Saturday,Noc,Night,Srážka s lesní zvěří,Collision with wildlife animals,"Lesní zvěří, domácim zvířetem","Wildlife animal, pet",Nezjišťováno,Not tested,Nezaviněná řidičem,Not caused by driver,0,0,0,0,0,0,"Suchý, neznečištěný",Dry and clean,Neztížené,Clear,Žádné,None,Osobní automobil,Car,Ne,No,20000,16.7996536790001,49.229017738,16.7996536790001,49.229017738
3821,60306180026,1/7/2018 12:00:00 AM,Neděle,Sunday,Den,Day,Srážka s lesní zvěří,Collision with wildlife animals,"Lesní zvěří, domácim zvířetem","Wildlife animal, pet",Nezjišťováno,Not tested,Nezaviněná řidičem,Not caused by driver,0,0,0,0,0,0,"Suchý, neznečištěný",Dry and clean,Neztížené,Clear,Žádné,None,Osobní automobil,Car,Ne,No,10000,16.569090681,49.1151033840001,16.569090681,49.1151033840001
3822,60306180027,1/8/2018 12:00:00 AM,Pondělí,Monday,Den,Day,Srážka s lesní zvěří,Collision with wildlife animals,"Lesní zvěří, domácim zvířetem","Wildlife animal, pet",Nezjišťováno,Not tested,Nezaviněná řidičem,Not caused by driver,0,0,0,0,0,0,Mokrý,Wet,Slabý déšť,Light Raining,Žádné,None,Osobní automobil,Car,Ne,No,40000,16.3081096940001,49.206027632,16.3081096940001,49.206027632
3823,60306180028,1/8/2018 12:00:00 AM,Pondělí,Monday,Den,Day,"Srážka s vozidlem zaparkovaným, odstaveným",Collision with a parked vehicle,Řidičem motorového vozidla,Car driver,Nezjišťováno,Not tested,Nesprávný způsob jízdy,Inappropriate driving,0,0,0,0,0,0,Mokrý,Wet,Slabý déšť,Light Raining,Žádné,None,Nákladní automobil,Truck,Ne,No,0,16.5840856790001,49.288010161,16.5840856790001,49.288010161
3824,60306180029,1/8/2018 12:00:00 AM,Pondělí,Monday,Den,Day,Havárie,Crash,Řidičem motorového vozidla,Car driver,Ne,No,Nepřiměřená rychlost jízdy,Inappropriate speed,0,0,1,0,0,1,Mokrý,Wet,Déšť,Raining,Žádné,None,Osobní automobil,Car,Ne,No,50000,16.7281426750001,49.1434871750001,16.7281426750001,49.1434871750001
3825,60306180030,1/5/2018 12:00:00 AM,Pátek,Friday,Noc,Night,"Srážka s vozidlem zaparkovaným, odstaveným",Collision with a parked vehicle,Řidičem motorového vozidla,Car driver,Nezjišťováno,Not tested,Nesprávný způsob jízdy,Inappropriate driving,0,0,0,0,0,0,Mokrý,Wet,Slabý déšť,Light Raining,Zastávka MHD,Public transport stop,"Nezjištěno, řidič ujel",Unknown,Ne,No,0,16.3953166910001,49.214765067,16.3953166910001,49.214765067
3826,60306180031,1/9/2018 12:00:00 AM,Úterý,Tuesday,Noc,Night,"Srážka s vozidlem zaparkovaným, odstaveným",Collision with a parked vehicle,Řidičem motorového vozidla,Car driver,Nezjišťováno,Not tested,Nepřiměřená rychlost jízdy,Inappropriate speed,0,0,0,0,0,0,"Suchý, neznečištěný",Dry and clean,Neztížené,Clear,Žádné,None,Osobní automobil,Car,Ne,No,20000,16.3904016930001,49.1009184440001,16.3904016930001,49.1009184440001
3827,60306180032,1/9/2018 12:00:00 AM,Úterý,Tuesday,Den,Day,Havárie,Crash,Řidičem motorového vozidla,Car driver,Ne,No,Nesprávný způsob jízdy,Inappropriate driving,0,0,1,0,0,1,"Suchý, neznečištěný",Dry and clean,Neztížené,Clear,Žádné,None,Osobní automobil,Car,Ne,No,50000,16.435290691,49.330309535,16.435290691,49.330309535
3828,60306180033,1/10/2018 12:00:00 AM,Středa,Wednesday,Den,Day,Srážka s lesní zvěří,Collision with wildlife animals,"Lesní zvěří, domácim zvířetem","Wildlife animal, pet",Nezjišťováno,Not tested,Nezaviněná řidičem,Not caused by driver,0,0,0,0,0,0,Mokrý,Wet,Déšť,Raining,Žádné,None,Osobní automobil,Car,Ne,No,25000,16.5194336860001,49.253543816,16.5194336860001,49.253543816
3829,60306180034,1/8/2018 12:00:00 AM,Pondělí,Monday,Noc,Night,Srážka s pevnou překážkou,Collision with a fixed obstacle,Řidičem motorového vozidla,Car driver,Nezjišťováno,Not tested,Nepřiměřená rychlost jízdy,Inappropriate speed,0,0,0,0,0,0,Mokrý,Wet,Déšť,Raining,Žádné,None,Osobní automobil,Car,Ano,Yes,20000,16.7499016830001,49.2157361110001,16.7499016830001,49.2157361110001
3830,60306180035,1/1/2018 12:00:00 AM,Pondělí,Monday,Noc,Night,Srážka s pevnou překážkou,Collision with a fixed obstacle,Řidičem motorového vozidla,Car driver,Nezjišťováno,Not tested,Nesprávný způsob jízdy,Inappropriate driving,0,0,0,0,0,0,"Suchý, neznečištěný",Dry and clean,Neztížené,Clear,Žádné,None,"Nezjištěno, řidič ujel",Unknown,Ne,No,0,16.389823694,49.1838834910001,16.389823694,49.1838834910001
3831,60306180036,1/11/2018 12:00:00 AM,Čtvrtek,Thursday,Noc,Night,Srážka s lesní zvěří,Collision with wildlife animals,"Lesní zvěří, domácim zvířetem","Wildlife animal, pet",Nezjišťováno,Not tested,Nezaviněná řidičem,Not caused by driver,0,0,0,0,0,0,Mokrý,Wet,Slabý déšť,Light Raining,Žádné,None,Osobní automobil,Car,Ne,No,50000,16.3750586940001,49.387425894,16.3750586940001,49.387425894
3832,60306180037,1/11/2018 12:00:00 AM,Čtvrtek,Thursday,Noc,Night,Srážka s lesní zvěří,Collision with wildlife animals,"Lesní zvěří, domácim zvířetem","Wildlife animal, pet",Nezjišťováno,Not tested,Nezaviněná řidičem,Not caused by driver,0,0,0,0,0,0,Mokrý,Wet,Mlha,Fog,Žádné,None,Osobní automobil,Car,Ne,No,15000,16.417365692,49.1879577060001,16.417365692,49.1879577060001
3833,60306180038,1/11/2018 12:00:00 AM,Čtvrtek,Thursday,Den,Day,Srážka s jedoucím nekolejovým vozidlem,Collision with other motor vehicle,Řidičem motorového vozidla,Car driver,Nezjišťováno,Not tested,Nesprávný způsob jízdy,Inappropriate driving,0,0,0,0,0,0,Mokrý,Wet,Neztížené,Clear,Žádné,None,"Nezjištěno, řidič ujel",Unknown,Ne,No,0,16.730847555,49.1473136070001,16.730847555,49.1473136070001
3834,60306180039,1/9/2018 12:00:00 AM,Úterý,Tuesday,Den,Day,Srážka s pevnou překážkou,Collision with a fixed obstacle,Řidičem motorového vozidla,Car driver,Nezjišťováno,Not tested,Nesprávný způsob jízdy,Inappropriate driving,0,0,0,0,0,0,Mokrý,Wet,Neztížené,Clear,Žádné,None,"Nezjištěno, řidič ujel",Unknown,Ne,No,0,16.4279756870001,49.3463929750001,16.4279756870001,49.3463929750001
3835,60306180040,1/12/2018 12:00:00 AM,Pátek,Friday,Den,Day,Srážka s jedoucím nekolejovým vozidlem,Collision with other motor vehicle,Řidičem motorového vozidla,Car driver,Ne,No,Nedání přednosti v jizdě,Not respecting the right of way,0,0,1,0,0,1,Mokrý,Wet,Neztížené,Clear,Žádné,None,Nákladní automobil,Truck,Ne,No,30000,16.433362689,49.3362616960001,16.433362689,49.3362616960001
3836,60306180041,1/12/2018 12:00:00 AM,Pátek,Friday,Den,Day,Srážka s lesní zvěří,Collision with wildlife animals,"Lesní zvěří, domácim zvířetem","Wildlife animal, pet",Nezjišťováno,Not tested,Nezaviněná řidičem,Not caused by driver,0,0,0,0,0,0,"Suchý, neznečištěný",Dry and clean,Neztížené,Clear,Žádné,None,Osobní automobil,Car,Ne,No,40000,16.7244316740001,49.1418910840001,16.7244316740001,49.1418910840001
3837,60306180042,1/12/2018 12:00:00 AM,Pátek,Friday,Noc,Night,"Srážka s vozidlem zaparkovaným, odstaveným",Collision with a parked vehicle,Řidičem motorového vozidla,Car driver,Nezjišťováno,Not tested,Nesprávný způsob jízdy,Inappropriate driving,0,0,0,0,0,0,"Suchý, neznečištěný",Dry and clean,Neztížené,Clear,Přechod pro chodce nebo v jeho blízkosti,Pedestrian crossing or nearby,"Nezjištěno, řidič ujel",Unknown,Ne,No,0,16.6347416850001,49.1378938400001,16.6347416850001,49.1378938400001
3838,60306180043,1/13/2018 12:00:00 AM,Sobota,Saturday,Den,Day,Srážka s pevnou překážkou,Collision with a fixed obstacle,Řidičem motorového vozidla,Car driver,Ne,No,Nesprávný způsob jízdy,Inappropriate driving,0,0,0,0,0,0,"Suchý, neznečištěný",Dry and clean,Neztížené,Clear,Žádné,None,Nákladní automobil,Truck,Ne,No,5000,16.4210859620001,49.347929138,16.4210859620001,49.347929138
3839,60306180044,1/13/2018 12:00:00 AM,Sobota,Saturday,Den,Day,Srážka s lesní zvěří,Collision with wildlife animals,"Lesní zvěří, domácim zvířetem","Wildlife animal, pet",Nezjišťováno,Not tested,Nezaviněná řidičem,Not caused by driver,0,0,0,0,0,0,"Suchý, neznečištěný",Dry and clean,Neztížené,Clear,Žádné,None,Osobní automobil,Car,Ne,No,45000,16.5346926820001,49.037141767,16.5346926820001,49.037141767
3840,60306180045,1/15/2018 12:00:00 AM,Pondělí,Monday,Noc,Night,"Srážka s vozidlem zaparkovaným, odstaveným",Collision with a parked vehicle,Řidičem motorového vozidla,Car driver,Nezjišťováno,Not tested,Nesprávný způsob jízdy,Inappropriate driving,0,0,0,0,0,0,"Suchý, neznečištěný",Dry and clean,Neztížené,Clear,Přechod pro chodce nebo v jeho blízkosti,Pedestrian crossing or nearby,"Nezjištěno, řidič ujel",Unknown,Ne,No,0,16.535310687,49.310696937,16.535310687,49.310696937
3841,60306180046,1/15/2018 12:00:00 AM,Pondělí,Monday,Den,Day,"Srážka s vozidlem zaparkovaným, odstaveným",Collision with a parked vehicle,Řidičem motorového vozidla,Car driver,Nezjišťováno,Not tested,Nesprávný způsob jízdy,Inappropriate driving,0,0,0,0,0,0,"Suchý, neznečištěný",Dry and clean,Neztížené,Clear,Žádné,None,"Nezjištěno, řidič ujel",Unknown,Ne,No,0,16.7285229880001,49.160069908,16.7285229880001,49.160069908
3842,60306180047,1/11/2018 12:00:00 AM,Čtvrtek,Thursday,Den,Day,"Srážka s vozidlem zaparkovaným, odstaveným",Collision with a parked vehicle,Řidičem motorového vozidla,Car driver,Nezjišťováno,Not tested,Nesprávný způsob jízdy,Inappropriate driving,0,0,0,0,0,0,"Suchý, neznečištěný",Dry and clean,Neztížené,Clear,Žádné,None,"Nezjištěno, řidič ujel",Unknown,Ne,No,0,16.3585106830001,49.190343829,16.3585106830001,49.190343829
3843,60306180048,1/15/2018 12:00:00 AM,Pondělí,Monday,Den,Day,Srážka s jedoucím nekolejovým vozidlem,Collision with other motor vehicle,Řidičem motorového vozidla,Car driver,Ne,No,Nesprávný způsob jízdy,Inappropriate driving,0,0,0,0,0,0,"Suchý, neznečištěný",Dry and clean,Neztížené,Clear,Žádné,None,Autobus,Bus,Ne,No,10000,16.476994688,49.3281204680001,16.476994688,49.3281204680001
3844,60306180049,1/16/2018 12:00:00 AM,Úterý,Tuesday,Den,Day,Havárie,Crash,Řidičem motorového vozidla,Car driver,Ne,No,Nepřiměřená rychlost jízdy,Inappropriate speed,0,0,1,0,0,1,"Náledí, ujetý sníh - posypané","Ice, snow - grit",Sněžení,Snowing,Žádné,None,Osobní automobil,Car,Ano,Yes,80000,16.3992646840001,49.359759302,16.3992646840001,49.359759302
3845,60306180050,1/16/2018 12:00:00 AM,Úterý,Tuesday,Den,Day,Srážka s jedoucím nekolejovým vozidlem,Collision with other motor vehicle,Řidičem motorového vozidla,Car driver,Ne,No,Nepřiměřená rychlost jízdy,Inappropriate speed,0,0,2,0,0,2,"Náledí, ujetý sníh - posypané","Ice, snow - grit",Sněžení,Snowing,Žádné,None,Osobní automobil,Car,Ano,Yes,50000,16.5271706840001,49.2585490220001,16.5271706840001,49.2585490220001
3846,60306180051,1/16/2018 12:00:00 AM,Úterý,Tuesday,Den,Day,Srážka s lesní zvěří,Collision with wildlife animals,"Lesní zvěří, domácim zvířetem","Wildlife animal, pet",Nezjišťováno,Not tested,Nezaviněná řidičem,Not caused by driver,0,0,0,0,0,0,Mokrý,Wet,Sněžení,Snowing,Žádné,None,Osobní automobil,Car,Ne,No,50000,16.544133678,49.110697101,16.544133678,49.110697101
3847,60306180052,1/16/2018 12:00:00 AM,Úterý,Tuesday,Den,Day,"Srážka s vozidlem zaparkovaným, odstaveným",Collision with a parked vehicle,Řidičem motorového vozidla,Car driver,Ne,No,Nepřiměřená rychlost jízdy,Inappropriate speed,0,0,0,0,0,0,Rozbředlý sníh,Slushy snow,Neztížené,Clear,Žádné,None,Nákladní automobil,Truck,Ano,Yes,60000,16.552280384,49.312550087,16.552280384,49.312550087
3848,60306180053,1/16/2018 12:00:00 AM,Úterý,Tuesday,Den,Day,Srážka s pevnou překážkou,Collision with a fixed obstacle,Řidičem motorového vozidla,Car driver,Ne,No,Nepřiměřená rychlost jízdy,Inappropriate speed,0,0,0,0,0,0,"Náledí, ujetý sníh - neposypané","Ice, snow - no grit",Sněžení,Snowing,Výjezd z parkoviště,Exit from car park,Nákladní automobil,Truck,Ano,Yes,0,16.7947986770001,49.2064786550001,16.7947986770001,49.2064786550001
3849,60306180054,1/16/2018 12:00:00 AM,Úterý,Tuesday,Den,Day,Srážka s pevnou překážkou,Collision with a fixed obstacle,Řidičem motorového vozidla,Car driver,Ne,No,Nepřiměřená rychlost jízdy,Inappropriate speed,0,0,0,0,0,0,Rozbředlý sníh,Slushy snow,Sněžení,Snowing,Žádné,None,Osobní automobil,Car,Ano,Yes,160000,16.37497497,49.1094432670001,16.37497497,49.1094432670001
3850,60306180055,1/16/2018 12:00:00 AM,Úterý,Tuesday,Den,Day,Srážka s pevnou překážkou,Collision with a fixed obstacle,Řidičem motorového vozidla,Car driver,Ne,No,Nepřiměřená rychlost jízdy,Inappropriate speed,0,0,0,0,0,0,"Náledí, ujetý sníh - neposypané","Ice, snow - no grit",Sněžení,Snowing,Žádné,None,Osobní automobil,Car,Ano,Yes,80000,16.47201769,49.0730424810001,16.47201769,49.0730424810001
3851,60306180056,1/16/2018 12:00:00 AM,Úterý,Tuesday,Den,Day,"Srážka s vozidlem zaparkovaným, odstaveným",Collision with a parked vehicle,Řidičem motorového vozidla,Car driver,Ne,No,Nepřiměřená rychlost jízdy,Inappropriate speed,0,0,0,0,0,0,"Náledí, ujetý sníh - neposypané","Ice, snow - no grit",Neztížené,Clear,Žádné,None,Osobní automobil,Car,Ano,Yes,20000,16.3576175860001,49.191661944,16.3576175860001,49.191661944
3852,60306180057,1/16/2018 12:00:00 AM,Úterý,Tuesday,Den,Day,"Srážka s vozidlem zaparkovaným, odstaveným",Collision with a parked vehicle,Řidičem motorového vozidla,Car driver,Ne,No,Nepřiměřená rychlost jízdy,Inappropriate speed,0,0,0,0,0,0,"Náledí, ujetý sníh - neposypané","Ice, snow - no grit",Neztížené,Clear,Žádné,None,Osobní automobil,Car,Ano,Yes,20000,16.3576193710001,49.1916694670001,16.3576193710001,49.1916694670001
3853,60306180058,1/16/2018 12:00:00 AM,Úterý,Tuesday,Den,Day,"Srážka s vozidlem zaparkovaným, odstaveným",Collision with a parked vehicle,Řidičem motorového vozidla,Car driver,Ne,No,Nepřiměřená rychlost jízdy,Inappropriate speed,0,0,0,0,0,0,"Náledí, ujetý sníh - neposypané","Ice, snow - no grit",Neztížené,Clear,Žádné,None,Osobní automobil,Car,Ano,Yes,70000,16.3576178920001,49.1916594960001,16.3576178920001,49.1916594960001
3854,60306180059,1/16/2018 12:00:00 AM,Úterý,Tuesday,Den,Day,Srážka s jedoucím nekolejovým vozidlem,Collision with other motor vehicle,Řidičem motorového vozidla,Car driver,Ne,No,Nesprávný způsob jízdy,Inappropriate driving,0,0,0,0,0,0,"Náledí, ujetý sníh - neposypané","Ice, snow - no grit",Sněžení,Snowing,Žádné,None,Osobní automobil,Car,Ne,No,50000,16.4405486840001,49.2810679020001,16.4405486840001,49.2810679020001
3855,60306180060,1/16/2018 12:00:00 AM,Úterý,Tuesday,Den,Day,Srážka s pevnou překážkou,Collision with a fixed obstacle,Řidičem motorového vozidla,Car driver,Ne,No,Nesprávný způsob jízdy,Inappropriate driving,0,0,0,0,0,0,"Náledí, ujetý sníh - neposypané","Ice, snow - no grit",Sněžení,Snowing,Žádné,None,Osobní automobil,Car,Ne,No,50000,16.4405486840001,49.2810679020001,16.4405486840001,49.2810679020001
3856,60306180061,1/16/2018 12:00:00 AM,Úterý,Tuesday,Den,Day,"Srážka s vozidlem zaparkovaným, odstaveným",Collision with a parked vehicle,Řidičem motorového vozidla,Car driver,Ne,No,Nepřiměřená rychlost jízdy,Inappropriate speed,0,0,0,0,0,0,"Náledí, ujetý sníh - neposypané","Ice, snow - no grit",Neztížené,Clear,Žádné,None,Nákladní automobil,Truck,Ano,Yes,5000,16.3576130880001,49.191649102,16.3576130880001,49.191649102
3857,60306180062,1/16/2018 12:00:00 AM,Úterý,Tuesday,Den,Day,Srážka s pevnou překážkou,Collision with a fixed obstacle,Řidičem motorového vozidla,Car driver,Ne,No,Nepřiměřená rychlost jízdy,Inappropriate speed,0,0,0,0,0,0,"Náledí, ujetý sníh - neposypané","Ice, snow - no grit",Neztížené,Clear,Žádné,None,Osobní automobil,Car,Ne,No,50000,16.2910843180001,49.420879777,16.2910843180001,49.420879777
3858,60306180063,1/16/2018 12:00:00 AM,Úterý,Tuesday,Den,Day,"Srážka s vozidlem zaparkovaným, odstaveným",Collision with a parked vehicle,Řidičem motorového vozidla,Car driver,Ne,No,Nepřiměřená rychlost jízdy,Inappropriate speed,0,0,0,0,0,0,"Náledí, ujetý sníh - neposypané","Ice, snow - no grit",Sněžení,Snowing,Žádné,None,Osobní automobil,Car,Ano,Yes,10000,16.7264416740001,49.1900478160001,16.7264416740001,49.1900478160001
3859,60306180064,1/16/2018 12:00:00 AM,Úterý,Tuesday,Den,Day,Srážka s pevnou překážkou,Collision with a fixed obstacle,Řidičem motorového vozidla,Car driver,Nezjišťováno,Not tested,Nepřiměřená rychlost jízdy,Inappropriate speed,0,0,0,0,0,0,"Náledí, ujetý sníh - neposypané","Ice, snow - no grit",Neztížené,Clear,Žádné,None,Osobní automobil,Car,Ano,Yes,20000,16.4120766880001,49.3867178840001,16.4120766880001,49.386717884
3860,60306180065,1/16/2018 12:00:00 AM,Úterý,Tuesday,Noc,Night,Srážka s pevnou překážkou,Collision with a fixed obstacle,Řidičem motorového vozidla,Car driver,Nezjišťováno,Not tested,Nepřiměřená rychlost jízdy,Inappropriate speed,0,0,0,0,0,0,"Náledí, ujetý sníh - neposypané","Ice, snow - no grit",Mlha,Fog,Přechod pro chodce nebo v jeho blízkosti,Pedestrian crossing or nearby,"Nezjištěno, řidič ujel",Unknown,Ne,No,0,16.717509685,49.102343535,16.717509685,49.102343535
3861,60306180066,1/16/2018 12:00:00 AM,Úterý,Tuesday,Den,Day,Srážka s pevnou překážkou,Collision with a fixed obstacle,Řidičem motorového vozidla,Car driver,Nezjišťováno,Not tested,Nepřiměřená rychlost jízdy,Inappropriate speed,0,0,0,0,0,0,"Náledí, ujetý sníh - neposypané","Ice, snow - no grit",Sněžení,Snowing,Žádné,None,"Nezjištěno, řidič ujel",Unknown,Ne,No,0,16.367071691,49.0949880320001,16.367071691,49.0949880320001
3862,60306180067,1/16/2018 12:00:00 AM,Úterý,Tuesday,Den,Day,Srážka s pevnou překážkou,Collision with a fixed obstacle,Řidičem motorového vozidla,Car driver,Nezjišťováno,Not tested,Nesprávný způsob jízdy,Inappropriate driving,0,0,0,0,0,0,Rozbředlý sníh,Slushy snow,"Námraza, náledí","Frost, icy",Žádné,None,Nákladní automobil,Truck,Ne,No,0,16.7050106790001,49.1608092000001,16.7050106790001,49.1608092000001
3863,60306180068,1/17/2018 12:00:00 AM,Středa,Wednesday,Den,Day,Srážka s pevnou překážkou,Collision with a fixed obstacle,Řidičem motorového vozidla,Car driver,Ne,No,Nesprávný způsob jízdy,Inappropriate driving,0,0,0,0,0,0,Rozbředlý sníh,Slushy snow,Neztížené,Clear,Žádné,None,Osobní automobil,Car,Ne,No,80000,16.4898096810001,49.3111859480001,16.4898096810001,49.3111859480001
3864,60306180069,1/17/2018 12:00:00 AM,Středa,Wednesday,Noc,Night,"Srážka s vozidlem zaparkovaným, odstaveným",Collision with a parked vehicle,Řidičem motorového vozidla,Car driver,Nezjišťováno,Not tested,Nesprávný způsob jízdy,Inappropriate driving,0,0,0,0,0,0,Rozbředlý sníh,Slushy snow,Neztížené,Clear,Přechod pro chodce nebo v jeho blízkosti,Pedestrian crossing or nearby,"Nezjištěno, řidič ujel",Unknown,Ne,No,0,16.627693686,49.05364504,16.627693686,49.05364504
3865,60306180070,1/17/2018 12:00:00 AM,Středa,Wednesday,Den,Day,Havárie,Crash,Řidičem motorového vozidla,Car driver,Ne,No,Nepřiměřená rychlost jízdy,Inappropriate speed,0,0,0,0,0,0,Rozbředlý sníh,Slushy snow,Neztížené,Clear,Žádné,None,Osobní automobil,Car,Ano,Yes,50000,16.7882646790001,49.2045045570001,16.7882646790001,49.2045045570001
3866,60306180071,1/17/2018 12:00:00 AM,Středa,Wednesday,Den,Day,Srážka s jedoucím nekolejovým vozidlem,Collision with other motor vehicle,Řidičem motorového vozidla,Car driver,Ne,No,Nesprávný způsob jízdy,Inappropriate driving,0,0,0,0,0,0,Mokrý,Wet,Neztížené,Clear,Žádné,None,Nákladní automobil,Truck,Ne,No,50000,16.601711691,49.1289032710001,16.601711691,49.1289032710001
3867,60306180072,1/17/2018 12:00:00 AM,Středa,Wednesday,Den,Day,"Srážka s vozidlem zaparkovaným, odstaveným",Collision with a parked vehicle,Řidičem motorového vozidla,Car driver,Ne,No,Nepřiměřená rychlost jízdy,Inappropriate speed,0,0,0,0,0,0,Mokrý,Wet,Neztížené,Clear,Čerpadlo pohonných hmot,Gas station,Osobní automobil,Car,Ne,No,130000,16.6031316830001,49.102596556,16.6031316830001,49.102596556
3868,60306180073,1/18/2018 12:00:00 AM,Čtvrtek,Thursday,Noc,Night,Srážka s jedoucím nekolejovým vozidlem,Collision with other motor vehicle,Řidičem motorového vozidla,Car driver,Nezjišťováno,Not tested,Nepřiměřená rychlost jízdy,Inappropriate speed,0,0,1,0,0,1,Mokrý,Wet,Neztížené,Clear,Žádné,None,"Nezjištěno, řidič ujel",Unknown,Ne,No,0,16.378704988,49.118101886,16.378704988,49.118101886
3869,60306180074,1/17/2018 12:00:00 AM,Středa,Wednesday,Noc,Night,"Srážka s vozidlem zaparkovaným, odstaveným",Collision with a parked vehicle,Řidičem motorového vozidla,Car driver,Nezjišťováno,Not tested,Nesprávný způsob jízdy,Inappropriate driving,0,0,0,0,0,0,"Náledí, ujetý sníh - neposypané","Ice, snow - no grit",Neztížené,Clear,Žádné,None,"Nezjištěno, řidič ujel",Unknown,Ne,No,0,16.6346346770001,49.138847889,16.6346346770001,49.138847889
3870,60306180075,1/1/2018 12:00:00 AM,Pondělí,Monday,Noc,Night,"Srážka s vozidlem zaparkovaným, odstaveným",Collision with a parked vehicle,Řidičem motorového vozidla,Car driver,Nezjišťováno,Not tested,Nesprávný způsob jízdy,Inappropriate driving,0,0,0,0,0,0,"Suchý, neznečištěný",Dry and clean,Neztížené,Clear,Přechod pro chodce nebo v jeho blízkosti,Pedestrian crossing or nearby,"Nezjištěno, řidič ujel",Unknown,Ne,No,0,16.5968489370001,49.129939049,16.5968489370001,49.129939049
3871,60306180076,1/19/2018 12:00:00 AM,Pátek,Friday,Den,Day,Srážka s pevnou překážkou,Collision with a fixed obstacle,Řidičem motorového vozidla,Car driver,Ne,No,Nesprávný způsob jízdy,Inappropriate driving,0,0,2,0,0,2,Mokrý,Wet,Neztížené,Clear,Žádné,None,Osobní automobil,Car,Ano,Yes,30000,16.764590148,49.184006464,16.764590148,49.184006464