OBJECTID,ID,Datum,Den,Day,DenNoc,DayNight,DruhNehody,Type,Zavineni,CausedBy,Alkohol,Alcohol,HlavniPricina,MainCause,Usmrceno,Tezce,Lehce,DeathToll,HeavyInjuries,LightInjuries,StavPovrchu,RoadCondition,Pocasi,Weather,SpecifikaceMista,PlaceSituation,DruhVozidla,VehicleType,Smyk,Skyd,Skoda,X,Y,x2,y2
4672,60306180878,8/18/2018 12:00:00 AM,Sobota,Saturday,Den,Day,Srážka s chodcem,Collision with pedestrian,Řidičem motorového vozidla,Car driver,Pod vlivem alkoholu,Under the influence of alcohol,Nesprávný způsob jízdy,Inappropriate driving,0,1,0,0,1,0,"Suchý, znečištěný (písek, prach, štěrk, atd.)",Dry and dirty,Neztížené,Clear,Žádné,None,Osobní automobil,Car,Ne,No,40000,16.304017688,49.19495607,16.304017688,49.19495607
4673,60306180879,8/18/2018 12:00:00 AM,Sobota,Saturday,Noc,Night,Srážka s lesní zvěří,Collision with wildlife animals,"Lesní zvěří, domácim zvířetem","Wildlife animal, pet",Nezjišťováno,Not tested,Nezaviněná řidičem,Not caused by driver,0,0,0,0,0,0,"Suchý, neznečištěný",Dry and clean,Neztížené,Clear,Žádné,None,Osobní automobil,Car,Ne,No,80000,16.450001688,49.255816915,16.450001688,49.255816915
4674,60306180880,8/18/2018 12:00:00 AM,Sobota,Saturday,Den,Day,Srážka s jedoucím nekolejovým vozidlem,Collision with other motor vehicle,Řidičem nemotorového vozidla,Non-motorized vehicle driver,Nezjišťováno,Not tested,Nesprávný způsob jízdy,Inappropriate driving,0,0,0,0,0,0,"Suchý, znečištěný (písek, prach, štěrk, atd.)",Dry and dirty,Neztížené,Clear,Žádné,None,"Nezjištěno, řidič ujel",Unknown,Ne,No,0,16.7317276790001,49.2346870010001,16.7317276790001,49.2346870010001
4675,60306180881,8/18/2018 12:00:00 AM,Sobota,Saturday,Den,Day,Srážka s jedoucím nekolejovým vozidlem,Collision with other motor vehicle,Řidičem motorového vozidla,Car driver,Ne,No,Nedání přednosti v jizdě,Not respecting the right of way,0,0,0,0,0,0,"Suchý, neznečištěný",Dry and clean,Neztížené,Clear,Žádné,None,Osobní automobil,Car,Ne,No,30000,16.3522456850001,49.098346269,16.3522456850001,49.0983462690001
4676,60306180882,8/18/2018 12:00:00 AM,Sobota,Saturday,Den,Day,Srážka s jedoucím nekolejovým vozidlem,Collision with other motor vehicle,Řidičem nemotorového vozidla,Non-motorized vehicle driver,Ne,No,Nesprávný způsob jízdy,Inappropriate driving,0,0,2,0,0,2,"Suchý, neznečištěný",Dry and clean,Neztížené,Clear,Žádné,None,Jízdní kolo,Bicycle,Ne,No,0,16.584240687,49.308029848,16.584240687,49.308029848
4677,60306180883,8/18/2018 12:00:00 AM,Sobota,Saturday,Den,Day,Srážka s lesní zvěří,Collision with wildlife animals,"Lesní zvěří, domácim zvířetem","Wildlife animal, pet",Nezjišťováno,Not tested,Nezaviněná řidičem,Not caused by driver,0,0,0,0,0,0,"Suchý, neznečištěný",Dry and clean,Neztížené,Clear,Žádné,None,Osobní automobil,Car,Ne,No,25000,16.274917691,49.2210633670001,16.274917691,49.2210633670001
4678,60306180884,8/18/2018 12:00:00 AM,Sobota,Saturday,Den,Day,Srážka s jedoucím nekolejovým vozidlem,Collision with other motor vehicle,Řidičem motorového vozidla,Car driver,Ne,No,Nesprávné předjíždění,Bad overtaking,0,0,0,0,0,0,"Suchý, neznečištěný",Dry and clean,Neztížené,Clear,Žádné,None,Osobní automobil,Car,Ne,No,0,16.4660576840001,49.3209432510001,16.4660576840001,49.3209432510001
4679,60306180885,8/19/2018 12:00:00 AM,Neděle,Sunday,Noc,Night,Srážka s lesní zvěří,Collision with wildlife animals,"Lesní zvěří, domácim zvířetem","Wildlife animal, pet",Nezjišťováno,Not tested,Nezaviněná řidičem,Not caused by driver,0,0,0,0,0,0,"Suchý, neznečištěný",Dry and clean,Neztížené,Clear,Žádné,None,Osobní automobil,Car,Ne,No,20000,16.344419686,49.4326045810001,16.344419686,49.4326045810001
4680,60306180886,8/19/2018 12:00:00 AM,Neděle,Sunday,Noc,Night,Srážka s lesní zvěří,Collision with wildlife animals,"Lesní zvěří, domácim zvířetem","Wildlife animal, pet",Nezjišťováno,Not tested,Nezaviněná řidičem,Not caused by driver,0,0,0,0,0,0,"Suchý, neznečištěný",Dry and clean,Neztížené,Clear,Žádné,None,Osobní automobil,Car,Ne,No,25000,16.479157678,49.183836994,16.479157678,49.183836994
4681,60306180887,8/19/2018 12:00:00 AM,Neděle,Sunday,Den,Day,Srážka s jedoucím nekolejovým vozidlem,Collision with other motor vehicle,Řidičem motorového vozidla,Car driver,Ne,No,Nedání přednosti v jizdě,Not respecting the right of way,0,0,0,0,0,0,"Suchý, neznečištěný",Dry and clean,Neztížené,Clear,Žádné,None,Osobní automobil,Car,Ne,No,25000,16.4040487240001,49.184014061,16.4040487240001,49.184014061
4682,60306180888,8/20/2018 12:00:00 AM,Pondělí,Monday,Den,Day,Srážka s lesní zvěří,Collision with wildlife animals,"Lesní zvěří, domácim zvířetem","Wildlife animal, pet",Nezjišťováno,Not tested,Nezaviněná řidičem,Not caused by driver,0,0,0,0,0,0,"Suchý, neznečištěný",Dry and clean,Neztížené,Clear,Žádné,None,Osobní automobil,Car,Ne,No,20000,16.7905206720001,49.1573430030001,16.7905206720001,49.157343003
4683,60306180889,8/19/2018 12:00:00 AM,Neděle,Sunday,Den,Day,Srážka s lesní zvěří,Collision with wildlife animals,"Lesní zvěří, domácim zvířetem","Wildlife animal, pet",Nezjišťováno,Not tested,Nezaviněná řidičem,Not caused by driver,0,0,0,0,0,0,"Suchý, neznečištěný",Dry and clean,Neztížené,Clear,Žádné,None,Osobní automobil,Car,Ne,No,10000,16.759147448,49.0541763240001,16.759147448,49.0541763240001
4684,60306180890,8/20/2018 12:00:00 AM,Pondělí,Monday,Den,Day,Srážka s jedoucím nekolejovým vozidlem,Collision with other motor vehicle,Řidičem motorového vozidla,Car driver,Nezjišťováno,Not tested,Nesprávný způsob jízdy,Inappropriate driving,0,0,0,0,0,0,"Suchý, neznečištěný",Dry and clean,Neztížené,Clear,Žádné,None,Nákladní automobil,Truck,Ne,No,10000,16.6430696890001,49.0547191220001,16.6430696890001,49.0547191220001
4685,60306180891,8/19/2018 12:00:00 AM,Neděle,Sunday,Noc,Night,"Srážka s vozidlem zaparkovaným, odstaveným",Collision with a parked vehicle,Řidičem motorového vozidla,Car driver,Nezjišťováno,Not tested,Nesprávný způsob jízdy,Inappropriate driving,0,0,0,0,0,0,"Suchý, neznečištěný",Dry and clean,Neztížené,Clear,Žádné,None,"Nezjištěno, řidič ujel",Unknown,Ne,No,0,16.296005688,49.1633363500001,16.296005688,49.1633363500001
4686,60306180892,8/20/2018 12:00:00 AM,Pondělí,Monday,Den,Day,Srážka s lesní zvěří,Collision with wildlife animals,"Lesní zvěří, domácim zvířetem","Wildlife animal, pet",Nezjišťováno,Not tested,Nezaviněná řidičem,Not caused by driver,0,0,0,0,0,0,"Suchý, neznečištěný",Dry and clean,Neztížené,Clear,"Most, nadjezd, podjezd, tunel","Bridge, overpass, underpass, tunel ",Osobní automobil,Car,Ne,No,60000,16.44816468,49.1897388030001,16.44816468,49.1897388030001
4687,60306180893,8/21/2018 12:00:00 AM,Úterý,Tuesday,Den,Day,Havárie,Crash,Řidičem motorového vozidla,Car driver,Ne,No,Nesprávný způsob jízdy,Inappropriate driving,0,0,0,0,0,0,"Suchý, neznečištěný",Dry and clean,Neztížené,Clear,Žádné,None,Nákladní automobil,Truck,Ano,Yes,120000,16.5238936810001,49.2910752710001,16.5238936810001,49.2910752710001
4688,60306180894,8/13/2018 12:00:00 AM,Pondělí,Monday,Den,Day,"Srážka s vozidlem zaparkovaným, odstaveným",Collision with a parked vehicle,Řidičem motorového vozidla,Car driver,Nezjišťováno,Not tested,Nesprávný způsob jízdy,Inappropriate driving,0,0,0,0,0,0,"Suchý, neznečištěný",Dry and clean,Neztížené,Clear,Přechod pro chodce nebo v jeho blízkosti,Pedestrian crossing or nearby,"Nezjištěno, řidič ujel",Unknown,Ne,No,0,16.633126681,49.1345216290001,16.633126681,49.1345216290001
4689,60306180895,8/21/2018 12:00:00 AM,Úterý,Tuesday,Den,Day,Havárie,Crash,Řidičem nemotorového vozidla,Non-motorized vehicle driver,Ne,No,Nesprávný způsob jízdy,Inappropriate driving,0,0,1,0,0,1,"Suchý, neznečištěný",Dry and clean,Neztížené,Clear,Žádné,None,Jízdní kolo,Bicycle,Ne,No,1000,16.379771691,49.185325563,16.379771691,49.1853255630001
4690,60306180896,8/22/2018 12:00:00 AM,Středa,Wednesday,Noc,Night,Srážka s lesní zvěří,Collision with wildlife animals,"Lesní zvěří, domácim zvířetem","Wildlife animal, pet",Nezjišťováno,Not tested,Nezaviněná řidičem,Not caused by driver,0,0,0,0,0,0,"Suchý, neznečištěný",Dry and clean,Neztížené,Clear,Žádné,None,Osobní automobil,Car,Ne,No,120000,16.426080692,49.437615642,16.426080692,49.437615642
4691,60306180897,8/21/2018 12:00:00 AM,Úterý,Tuesday,Noc,Night,"Srážka s vozidlem zaparkovaným, odstaveným",Collision with a parked vehicle,Řidičem motorového vozidla,Car driver,Nezjišťováno,Not tested,Nesprávný způsob jízdy,Inappropriate driving,0,0,0,0,0,0,"Suchý, neznečištěný",Dry and clean,Neztížené,Clear,Žádné,None,"Nezjištěno, řidič ujel",Unknown,Ne,No,0,16.5545526870001,49.2955544270001,16.5545526870001,49.2955544270001
4692,60306180898,8/22/2018 12:00:00 AM,Středa,Wednesday,Den,Day,Srážka s pevnou překážkou,Collision with a fixed obstacle,Řidičem motorového vozidla,Car driver,Ne,No,Nesprávný způsob jízdy,Inappropriate driving,0,0,1,0,0,1,"Suchý, neznečištěný",Dry and clean,Neztížené,Clear,Žádné,None,Nákladní automobil,Truck,Ne,No,100000,16.474816054,49.0635367250001,16.474816054,49.0635367250001
4693,60306180899,8/22/2018 12:00:00 AM,Středa,Wednesday,Noc,Night,Havárie,Crash,Řidičem nemotorového vozidla,Non-motorized vehicle driver,Pod vlivem alkoholu,Under the influence of alcohol,Nesprávný způsob jízdy,Inappropriate driving,0,0,1,0,0,1,"Suchý, neznečištěný",Dry and clean,Neztížené,Clear,Žádné,None,Jízdní kolo,Bicycle,Ne,No,0,16.3756356850001,49.1875536850001,16.3756356850001,49.1875536850001
4694,60306180900,8/23/2018 12:00:00 AM,Čtvrtek,Thursday,Noc,Night,Srážka s pevnou překážkou,Collision with a fixed obstacle,Řidičem motorového vozidla,Car driver,Ne,No,Nesprávný způsob jízdy,Inappropriate driving,0,0,0,0,0,0,"Suchý, neznečištěný",Dry and clean,Neztížené,Clear,Žádné,None,Osobní automobil,Car,Ne,No,150000,16.4790506910001,49.3138740370001,16.4790506910001,49.3138740370001
4695,60306180901,8/23/2018 12:00:00 AM,Čtvrtek,Thursday,Den,Day,Srážka s jedoucím nekolejovým vozidlem,Collision with other motor vehicle,Řidičem motorového vozidla,Car driver,Ne,No,Nedání přednosti v jizdě,Not respecting the right of way,0,0,2,0,0,2,"Suchý, neznečištěný",Dry and clean,Neztížené,Clear,Žádné,None,Osobní automobil,Car,Ne,No,80000,16.4253941860001,49.1925286640001,16.4253941860001,49.1925286640001
4696,60306180902,8/23/2018 12:00:00 AM,Čtvrtek,Thursday,Den,Day,Srážka s jedoucím nekolejovým vozidlem,Collision with other motor vehicle,Řidičem motorového vozidla,Car driver,Ne,No,Nesprávný způsob jízdy,Inappropriate driving,0,0,1,0,0,1,"Suchý, neznečištěný",Dry and clean,Neztížené,Clear,Žádné,None,Autobus,Bus,Ne,No,300000,16.727509675,49.1433091700001,16.727509675,49.1433091700001
4697,60306180903,8/23/2018 12:00:00 AM,Čtvrtek,Thursday,Den,Day,Havárie,Crash,Řidičem motorového vozidla,Car driver,Ne,No,Nesprávný způsob jízdy,Inappropriate driving,0,0,0,0,0,0,"Suchý, neznečištěný",Dry and clean,Neztížené,Clear,Žádné,None,Osobní automobil,Car,Ne,No,110000,16.7628656850001,49.2529487960001,16.7628656850001,49.2529487960001
4698,60306180904,8/24/2018 12:00:00 AM,Pátek,Friday,Den,Day,Srážka s jedoucím nekolejovým vozidlem,Collision with other motor vehicle,Řidičem motorového vozidla,Car driver,Ne,No,Nesprávný způsob jízdy,Inappropriate driving,0,0,1,0,0,1,"Suchý, neznečištěný",Dry and clean,Neztížené,Clear,Žádné,None,Motocykl,Motorbike,Ne,No,25000,16.6588576780001,49.0523619460001,16.6588576780001,49.0523619460001
4699,60306180905,8/24/2018 12:00:00 AM,Pátek,Friday,Den,Day,Havárie,Crash,Technickou závadou vozidla,Technical malfunction of a vehicle,Nezjišťováno,Not tested,Technická závada vozidla,Technical malfunction of vehicle,0,0,1,0,0,1,"Suchý, neznečištěný",Dry and clean,Neztížené,Clear,Žádné,None,Motocykl,Motorbike,Ne,No,5000,16.403842684,49.0900116870001,16.403842684,49.0900116870001
4700,60306180906,8/24/2018 12:00:00 AM,Pátek,Friday,Den,Day,Srážka s jedoucím nekolejovým vozidlem,Collision with other motor vehicle,Řidičem motorového vozidla,Car driver,Ne,No,Nepřiměřená rychlost jízdy,Inappropriate speed,0,0,1,0,0,1,Mokrý,Wet,Neztížené,Clear,Žádné,None,Osobní automobil,Car,Ano,Yes,150000,16.741083116,49.2710651790001,16.741083116,49.2710651790001
4701,60306180907,8/24/2018 12:00:00 AM,Pátek,Friday,Den,Day,Srážka s jedoucím nekolejovým vozidlem,Collision with other motor vehicle,Řidičem motorového vozidla,Car driver,Ne,No,Nepřiměřená rychlost jízdy,Inappropriate speed,0,0,0,0,0,0,Mokrý,Wet,Neztížené,Clear,Žádné,None,Osobní automobil,Car,Ano,Yes,30000,16.3961886920001,49.1639163840001,16.3961886920001,49.1639163840001
4702,60306180908,8/24/2018 12:00:00 AM,Pátek,Friday,Den,Day,Havárie,Crash,Řidičem motorového vozidla,Car driver,Pod vlivem alkoholu,Under the influence of alcohol,Nepřiměřená rychlost jízdy,Inappropriate speed,0,0,0,0,0,0,Mokrý,Wet,Neztížené,Clear,Žádné,None,Osobní automobil,Car,Ne,No,35000,16.409377884,49.0872819740001,16.409377884,49.0872819740001
4703,60306180909,8/25/2018 12:00:00 AM,Sobota,Saturday,Den,Day,Srážka s jedoucím nekolejovým vozidlem,Collision with other motor vehicle,Řidičem motorového vozidla,Car driver,Ne,No,Nepřiměřená rychlost jízdy,Inappropriate speed,0,2,4,0,2,4,Mokrý,Wet,Slabý déšť,Light Raining,Žádné,None,Osobní automobil,Car,Ano,Yes,80000,16.3773286860001,49.366049446,16.3773286860001,49.366049446
4704,60306180910,8/26/2018 12:00:00 AM,Neděle,Sunday,Noc,Night,Srážka s jedoucím nekolejovým vozidlem,Collision with other motor vehicle,Řidičem motorového vozidla,Car driver,Ne,No,Nesprávné předjíždění,Bad overtaking,0,0,1,0,0,1,Mokrý,Wet,Slabý déšť,Light Raining,Žádné,None,Osobní automobil,Car,Ne,No,70000,16.397997692,49.1649314420001,16.397997692,49.1649314420001
4705,60306180911,8/26/2018 12:00:00 AM,Neděle,Sunday,Den,Day,Srážka s pevnou překážkou,Collision with a fixed obstacle,Řidičem motorového vozidla,Car driver,Ne,No,Nepřiměřená rychlost jízdy,Inappropriate speed,0,0,0,0,0,0,Mokrý,Wet,Neztížené,Clear,Žádné,None,Osobní automobil,Car,Ano,Yes,5000,16.603317071,49.1237578610001,16.603317071,49.123757861
4706,60306180912,8/27/2018 12:00:00 AM,Pondělí,Monday,Den,Day,Srážka s pevnou překážkou,Collision with a fixed obstacle,Technickou závadou vozidla,Technical malfunction of a vehicle,Nezjišťováno,Not tested,Technická závada vozidla,Technical malfunction of vehicle,0,0,1,0,0,1,"Suchý, neznečištěný",Dry and clean,Neztížené,Clear,Žádné,None,Osobní automobil,Car,Ano,Yes,100000,16.503045683,49.3073988300001,16.503045683,49.3073988300001
4707,60306180913,8/27/2018 12:00:00 AM,Pondělí,Monday,Den,Day,Srážka s jedoucím nekolejovým vozidlem,Collision with other motor vehicle,Řidičem motorového vozidla,Car driver,Ne,No,Nedání přednosti v jizdě,Not respecting the right of way,0,0,1,0,0,1,"Suchý, neznečištěný",Dry and clean,Neztížené,Clear,Žádné,None,Osobní automobil,Car,Ne,No,50000,16.485027421,49.3126915620001,16.485027421,49.312691562
4708,60306180914,8/24/2018 12:00:00 AM,Pátek,Friday,Noc,Night,"Srážka s vozidlem zaparkovaným, odstaveným",Collision with a parked vehicle,Řidičem motorového vozidla,Car driver,Nezjišťováno,Not tested,Nesprávný způsob jízdy,Inappropriate driving,0,0,0,0,0,0,"Suchý, neznečištěný",Dry and clean,Neztížené,Clear,Přechod pro chodce nebo v jeho blízkosti,Pedestrian crossing or nearby,"Nezjištěno, řidič ujel",Unknown,Ne,No,0,16.42018169,49.3497310610001,16.42018169,49.3497310610001
4709,60306180915,8/27/2018 12:00:00 AM,Pondělí,Monday,Den,Day,Srážka s jedoucím nekolejovým vozidlem,Collision with other motor vehicle,Řidičem motorového vozidla,Car driver,Ne,No,Nedání přednosti v jizdě,Not respecting the right of way,0,0,1,0,0,1,"Suchý, neznečištěný",Dry and clean,Neztížené,Clear,Zastávka MHD,Public transport stop,Osobní automobil,Car,Ne,No,15000,16.363920604,49.0939913990001,16.363920604,49.0939913990001
4710,60306180916,8/27/2018 12:00:00 AM,Pondělí,Monday,Den,Day,Jiný druh nehody,Other,Závadou komunikace,Road defect,Nezjišťováno,Not tested,Nezaviněná řidičem,Not caused by driver,0,0,0,0,0,0,"Suchý, neznečištěný",Dry and clean,Neztížené,Clear,Žádné,None,Motocykl,Motorbike,Ne,No,10000,16.4804256900001,49.0703512860001,16.4804256900001,49.0703512860001
4711,60306180917,8/27/2018 12:00:00 AM,Pondělí,Monday,Den,Day,"Srážka s vozidlem zaparkovaným, odstaveným",Collision with a parked vehicle,Řidičem motorového vozidla,Car driver,Ne,No,Nesprávný způsob jízdy,Inappropriate driving,0,0,1,0,0,1,"Suchý, neznečištěný",Dry and clean,Neztížené,Clear,Žádné,None,Osobní automobil,Car,Ne,No,150000,16.6118546820001,49.043584266,16.6118546820001,49.043584266
4712,60306180918,8/27/2018 12:00:00 AM,Pondělí,Monday,Den,Day,"Srážka s vozidlem zaparkovaným, odstaveným",Collision with a parked vehicle,Řidičem motorového vozidla,Car driver,Nezjišťováno,Not tested,Nesprávný způsob jízdy,Inappropriate driving,0,0,1,0,0,1,"Suchý, neznečištěný",Dry and clean,Neztížené,Clear,Žádné,None,Osobní automobil,Car,Ne,No,150000,16.612057683,49.0431972370001,16.612057683,49.0431972370001
4713,60306180919,8/27/2018 12:00:00 AM,Pondělí,Monday,Den,Day,Srážka s pevnou překážkou,Collision with a fixed obstacle,Řidičem motorového vozidla,Car driver,Nezjišťováno,Not tested,Nesprávný způsob jízdy,Inappropriate driving,0,0,1,0,0,1,"Suchý, neznečištěný",Dry and clean,Neztížené,Clear,Žádné,None,Osobní automobil,Car,Ne,No,150000,16.6123416790001,49.042675193,16.6123416790001,49.042675193
4714,60306180920,8/27/2018 12:00:00 AM,Pondělí,Monday,Den,Day,Srážka s chodcem,Collision with pedestrian,Chodcem,Pedestrian,Ne,No,Nezaviněná řidičem,Not caused by driver,0,0,1,0,0,1,"Suchý, neznečištěný",Dry and clean,Neztížené,Clear,Čerpadlo pohonných hmot,Gas station,Osobní automobil,Car,Ne,No,50000,16.368327467,49.1851165300001,16.368327467,49.1851165300001
4715,60306180921,8/28/2018 12:00:00 AM,Úterý,Tuesday,Den,Day,Havárie,Crash,Řidičem nemotorového vozidla,Non-motorized vehicle driver,Ne,No,Nesprávný způsob jízdy,Inappropriate driving,0,0,1,0,0,1,"Suchý, neznečištěný",Dry and clean,Neztížené,Clear,Přechod pro chodce nebo v jeho blízkosti,Pedestrian crossing or nearby,Jízdní kolo,Bicycle,Ne,No,0,16.657170681,49.0110766550001,16.657170681,49.0110766550001
4716,60306180922,8/20/2018 12:00:00 AM,Pondělí,Monday,Noc,Night,Srážka s pevnou překážkou,Collision with a fixed obstacle,Řidičem motorového vozidla,Car driver,Nezjišťováno,Not tested,Nesprávný způsob jízdy,Inappropriate driving,0,0,0,0,0,0,"Suchý, neznečištěný",Dry and clean,Neztížené,Clear,Přechod pro chodce nebo v jeho blízkosti,Pedestrian crossing or nearby,Nákladní automobil,Truck,Ne,No,0,16.6331936770001,49.1414870570001,16.6331936770001,49.141487057
4717,60306180923,8/28/2018 12:00:00 AM,Úterý,Tuesday,Den,Day,Srážka s jedoucím nekolejovým vozidlem,Collision with other motor vehicle,Řidičem motorového vozidla,Car driver,Ne,No,Nesprávný způsob jízdy,Inappropriate driving,0,0,1,0,0,1,"Suchý, neznečištěný",Dry and clean,Neztížené,Clear,Žádné,None,Nákladní automobil,Truck,Ne,No,50000,16.388271682,49.137568818,16.388271682,49.137568818
4718,60306180924,8/28/2018 12:00:00 AM,Úterý,Tuesday,Den,Day,Srážka s jedoucím nekolejovým vozidlem,Collision with other motor vehicle,Řidičem motorového vozidla,Car driver,Ne,No,Nedání přednosti v jizdě,Not respecting the right of way,0,0,2,0,0,2,"Suchý, neznečištěný",Dry and clean,Neztížené,Clear,Žádné,None,Osobní automobil,Car,Ne,No,100000,16.6347826860001,49.134511628,16.6347826860001,49.134511628
4719,60306180925,8/29/2018 12:00:00 AM,Středa,Wednesday,Den,Day,Srážka s jedoucím nekolejovým vozidlem,Collision with other motor vehicle,Řidičem motorového vozidla,Car driver,Ne,No,Nesprávný způsob jízdy,Inappropriate driving,0,0,0,0,0,0,"Suchý, neznečištěný",Dry and clean,Neztížené,Clear,Žádné,None,Nákladní automobil,Truck,Ne,No,30000,16.478877201,49.053718814,16.478877201,49.053718814
4720,60306180926,8/26/2018 12:00:00 AM,Neděle,Sunday,Noc,Night,Srážka s pevnou překážkou,Collision with a fixed obstacle,Řidičem motorového vozidla,Car driver,Nezjišťováno,Not tested,Nesprávný způsob jízdy,Inappropriate driving,0,0,0,0,0,0,"Suchý, neznečištěný",Dry and clean,Neztížené,Clear,Žádné,None,"Nezjištěno, řidič ujel",Unknown,Ne,No,0,16.5896166900001,49.0350816010001,16.5896166900001,49.0350816010001
4721,60306180927,8/30/2018 12:00:00 AM,Čtvrtek,Thursday,Noc,Night,Srážka s jedoucím nekolejovým vozidlem,Collision with other motor vehicle,Řidičem motorového vozidla,Car driver,Ne,No,Nedání přednosti v jizdě,Not respecting the right of way,0,0,0,0,0,0,"Suchý, neznečištěný",Dry and clean,Neztížené,Clear,Žádné,None,Osobní automobil,Car,Ne,No,100000,16.7229146780001,49.0817631090001,16.7229146780001,49.0817631090001
4722,60306180928,8/24/2018 12:00:00 AM,Pátek,Friday,Noc,Night,"Srážka s vozidlem zaparkovaným, odstaveným",Collision with a parked vehicle,Řidičem motorového vozidla,Car driver,Nezjišťováno,Not tested,Nesprávný způsob jízdy,Inappropriate driving,0,0,0,0,0,0,"Suchý, neznečištěný",Dry and clean,Neztížené,Clear,Žádné,None,Osobní automobil,Car,Ne,No,0,16.533321686,49.3038547080001,16.533321686,49.3038547080001
4723,60306180929,8/30/2018 12:00:00 AM,Čtvrtek,Thursday,Den,Day,"Srážka s vozidlem zaparkovaným, odstaveným",Collision with a parked vehicle,Řidičem motorového vozidla,Car driver,Ne,No,Nesprávný způsob jízdy,Inappropriate driving,0,0,0,0,0,0,"Suchý, neznečištěný",Dry and clean,Neztížené,Clear,Žádné,None,Osobní automobil,Car,Ne,No,10000,16.6329646900001,49.1335045600001,16.6329646900001,49.1335045600001
4724,60306180930,8/30/2018 12:00:00 AM,Čtvrtek,Thursday,Den,Day,Srážka s jedoucím nekolejovým vozidlem,Collision with other motor vehicle,Řidičem motorového vozidla,Car driver,Ne,No,Nesprávný způsob jízdy,Inappropriate driving,0,0,1,0,0,1,"Suchý, neznečištěný",Dry and clean,Neztížené,Clear,Žádné,None,Osobní automobil,Car,Ne,No,40000,16.6194636810001,49.0450203770001,16.6194636810001,49.0450203770001
4725,60306180931,8/30/2018 12:00:00 AM,Čtvrtek,Thursday,Den,Day,Srážka s lesní zvěří,Collision with wildlife animals,"Lesní zvěří, domácim zvířetem","Wildlife animal, pet",Nezjišťováno,Not tested,Nezaviněná řidičem,Not caused by driver,0,0,0,0,0,0,Mokrý,Wet,Slabý déšť,Light Raining,Žádné,None,Osobní automobil,Car,Ne,No,20000,16.3323996880001,49.3913179670001,16.3323996880001,49.3913179670001
4726,60306180932,8/31/2018 12:00:00 AM,Pátek,Friday,Den,Day,Srážka s lesní zvěří,Collision with wildlife animals,"Lesní zvěří, domácim zvířetem","Wildlife animal, pet",Nezjišťováno,Not tested,Nezaviněná řidičem,Not caused by driver,0,0,0,0,0,0,"Suchý, neznečištěný",Dry and clean,Neztížené,Clear,Žádné,None,Osobní automobil,Car,Ne,No,60000,16.671125681,49.0060252280001,16.671125681,49.0060252280001
4727,60306180933,8/31/2018 12:00:00 AM,Pátek,Friday,Den,Day,Havárie,Crash,Řidičem nemotorového vozidla,Non-motorized vehicle driver,Nezjišťováno,Not tested,Nesprávný způsob jízdy,Inappropriate driving,0,0,0,0,0,0,"Suchý, neznečištěný",Dry and clean,Neztížené,Clear,Žádné,None,Jízdní kolo,Bicycle,Ne,No,1000,16.4749726810001,49.294489393,16.4749726810001,49.294489393
4728,60306180934,8/31/2018 12:00:00 AM,Pátek,Friday,Noc,Night,"Srážka s vozidlem zaparkovaným, odstaveným",Collision with a parked vehicle,Řidičem motorového vozidla,Car driver,Nezjišťováno,Not tested,Nesprávný způsob jízdy,Inappropriate driving,0,0,0,0,0,0,"Suchý, neznečištěný",Dry and clean,Neztížené,Clear,Žádné,None,"Nezjištěno, řidič ujel",Unknown,Ne,No,0,16.4200896940001,49.3493340430001,16.4200896940001,49.349334043
4729,60306180935,8/31/2018 12:00:00 AM,Pátek,Friday,Den,Day,Srážka s jedoucím nekolejovým vozidlem,Collision with other motor vehicle,Řidičem motorového vozidla,Car driver,Ne,No,Nesprávný způsob jízdy,Inappropriate driving,0,0,1,0,0,1,"Suchý, neznečištěný",Dry and clean,Neztížené,Clear,Žádné,None,Nákladní automobil,Truck,Ne,No,110000,16.428924694,49.2058476230001,16.428924694,49.2058476230001
4730,60306180936,8/31/2018 12:00:00 AM,Pátek,Friday,Den,Day,Srážka s jedoucím nekolejovým vozidlem,Collision with other motor vehicle,Řidičem motorového vozidla,Car driver,Ne,No,Nedání přednosti v jizdě,Not respecting the right of way,0,0,0,0,0,0,"Suchý, neznečištěný",Dry and clean,Neztížené,Clear,Žádné,None,Osobní automobil,Car,Ne,No,100000,16.6168886900001,49.0366787310001,16.6168886900001,49.0366787310001
4731,60306180937,8/31/2018 12:00:00 AM,Pátek,Friday,Den,Day,Srážka s lesní zvěří,Collision with wildlife animals,"Lesní zvěří, domácim zvířetem","Wildlife animal, pet",Nezjišťováno,Not tested,Nezaviněná řidičem,Not caused by driver,0,0,0,0,0,0,"Suchý, neznečištěný",Dry and clean,Neztížené,Clear,Žádné,None,Osobní automobil,Car,Ne,No,1000,16.315392694,49.4079972500001,16.315392694,49.40799725
4732,60306180938,8/31/2018 12:00:00 AM,Pátek,Friday,Den,Day,Srážka s lesní zvěří,Collision with wildlife animals,"Lesní zvěří, domácim zvířetem","Wildlife animal, pet",Nezjišťováno,Not tested,Nezaviněná řidičem,Not caused by driver,0,0,0,0,0,0,"Suchý, neznečištěný",Dry and clean,Neztížené,Clear,Žádné,None,Osobní automobil,Car,Ne,No,40000,16.495549682,49.328568476,16.495549682,49.328568476
4733,60306180939,9/1/2018 12:00:00 AM,Sobota,Saturday,Den,Day,Srážka s jedoucím nekolejovým vozidlem,Collision with other motor vehicle,Řidičem motorového vozidla,Car driver,Nezjišťováno,Not tested,Nepřiměřená rychlost jízdy,Inappropriate speed,0,0,0,0,0,0,Mokrý,Wet,Neztížené,Clear,Žádné,None,"Nezjištěno, řidič ujel",Unknown,Ne,No,0,16.3343786940001,49.184810537,16.3343786940001,49.184810537