OBJECTID,ID,Datum,Den,Day,DenNoc,DayNight,DruhNehody,Type,Zavineni,CausedBy,Alkohol,Alcohol,HlavniPricina,MainCause,Usmrceno,Tezce,Lehce,DeathToll,HeavyInjuries,LightInjuries,StavPovrchu,RoadCondition,Pocasi,Weather,SpecifikaceMista,PlaceSituation,DruhVozidla,VehicleType,Smyk,Skyd,Skoda,X,Y,x2,y2
6204,60606180407,7/26/2018 12:00:00 AM,Čtvrtek,Thursday,Den,Day,Srážka s jedoucím nekolejovým vozidlem,Collision with other motor vehicle,Řidičem motorového vozidla,Car driver,Ne,No,Nesprávný způsob jízdy,Inappropriate driving,0,0,1,0,0,1,"Suchý, neznečištěný",Dry and clean,Neztížené,Clear,Žádné,None,Traktor,Tractor,Ne,No,0,17.486084658,48.9389321990001,17.486084658,48.9389321990001
6205,60606180408,7/26/2018 12:00:00 AM,Čtvrtek,Thursday,Den,Day,Srážka s jedoucím nekolejovým vozidlem,Collision with other motor vehicle,Řidičem nemotorového vozidla,Non-motorized vehicle driver,Pod vlivem drog,Under the influence of drugs,Nedání přednosti v jizdě,Not respecting the right of way,0,1,0,0,1,0,"Suchý, neznečištěný",Dry and clean,Neztížené,Clear,Přechod pro chodce nebo v jeho blízkosti,Pedestrian crossing or nearby,Jízdní kolo,Bicycle,Ne,No,5000,17.1374683990001,48.8517188980001,17.1374683990001,48.8517188980001
6206,60606180409,7/27/2018 12:00:00 AM,Pátek,Friday,Noc,Night,Srážka s pevnou překážkou,Collision with a fixed obstacle,Řidičem motorového vozidla,Car driver,Pod vlivem alkoholu,Under the influence of alcohol,Nepřiměřená rychlost jízdy,Inappropriate speed,0,0,0,0,0,0,"Suchý, neznečištěný",Dry and clean,Neztížené,Clear,Žádné,None,Osobní automobil,Car,Ano,Yes,25000,17.3618926680001,48.853241387,17.3618926680001,48.853241387
6207,60606180410,7/27/2018 12:00:00 AM,Pátek,Friday,Den,Day,Srážka s pevnou překážkou,Collision with a fixed obstacle,Řidičem motorového vozidla,Car driver,Ne,No,Nesprávný způsob jízdy,Inappropriate driving,0,0,0,0,0,0,"Suchý, neznečištěný",Dry and clean,Neztížené,Clear,Žádné,None,Nákladní automobil,Truck,Ne,No,0,17.1221736740001,48.8523392930001,17.1221736740001,48.8523392930001
6208,60606180411,7/28/2018 12:00:00 AM,Sobota,Saturday,Den,Day,"Srážka s vozidlem zaparkovaným, odstaveným",Collision with a parked vehicle,Řidičem motorového vozidla,Car driver,Nezjišťováno,Not tested,Nesprávný způsob jízdy,Inappropriate driving,0,0,0,0,0,0,"Suchý, neznečištěný",Dry and clean,Neztížené,Clear,Přechod pro chodce nebo v jeho blízkosti,Pedestrian crossing or nearby,"Nezjištěno, řidič ujel",Unknown,Ne,No,0,17.385401663,48.9515933970001,17.385401663,48.9515933970001
6209,60606180412,7/28/2018 12:00:00 AM,Sobota,Saturday,Den,Day,Srážka s lesní zvěří,Collision with wildlife animals,"Lesní zvěří, domácim zvířetem","Wildlife animal, pet",Nezjišťováno,Not tested,Nezaviněná řidičem,Not caused by driver,0,0,0,0,0,0,"Suchý, neznečištěný",Dry and clean,Neztížené,Clear,Žádné,None,Osobní automobil,Car,Ne,No,15000,17.094383244,48.942437641,17.094383244,48.942437641
6210,60606180413,7/28/2018 12:00:00 AM,Sobota,Saturday,Den,Day,Srážka s jedoucím nekolejovým vozidlem,Collision with other motor vehicle,Řidičem motorového vozidla,Car driver,Ne,No,Nedání přednosti v jizdě,Not respecting the right of way,0,0,0,0,0,0,"Suchý, neznečištěný",Dry and clean,Neztížené,Clear,Žádné,None,Osobní automobil,Car,Ne,No,120000,17.1280636770001,49.016012061,17.1280636770001,49.016012061
6211,60606180414,7/29/2018 12:00:00 AM,Neděle,Sunday,Noc,Night,"Srážka s vozidlem zaparkovaným, odstaveným",Collision with a parked vehicle,Řidičem motorového vozidla,Car driver,Nezjišťováno,Not tested,Nesprávný způsob jízdy,Inappropriate driving,0,0,0,0,0,0,"Suchý, neznečištěný",Dry and clean,Neztížené,Clear,Žádné,None,"Nezjištěno, řidič ujel",Unknown,Ne,No,0,16.980973684,48.8309708900001,16.980973684,48.8309708900001
6212,60606180415,7/29/2018 12:00:00 AM,Neděle,Sunday,Den,Day,Srážka s lesní zvěří,Collision with wildlife animals,"Lesní zvěří, domácim zvířetem","Wildlife animal, pet",Nezjišťováno,Not tested,Nezaviněná řidičem,Not caused by driver,0,0,0,0,0,0,"Suchý, neznečištěný",Dry and clean,Neztížené,Clear,Žádné,None,Osobní automobil,Car,Ne,No,15000,16.940700674,48.9654446760001,16.940700674,48.9654446760001
6213,60606180416,7/30/2018 12:00:00 AM,Pondělí,Monday,Noc,Night,Srážka s lesní zvěří,Collision with wildlife animals,"Lesní zvěří, domácim zvířetem","Wildlife animal, pet",Nezjišťováno,Not tested,Nezaviněná řidičem,Not caused by driver,0,0,0,0,0,0,"Suchý, neznečištěný",Dry and clean,Neztížené,Clear,Žádné,None,Osobní automobil,Car,Ne,No,90000,17.180076667,48.887060014,17.180076667,48.887060014
6214,60606180417,7/30/2018 12:00:00 AM,Pondělí,Monday,Den,Day,Srážka s jedoucím nekolejovým vozidlem,Collision with other motor vehicle,Řidičem nemotorového vozidla,Non-motorized vehicle driver,Ne,No,Nesprávný způsob jízdy,Inappropriate driving,0,0,1,0,0,1,"Suchý, neznečištěný",Dry and clean,Neztížené,Clear,Žádné,None,Jízdní kolo,Bicycle,Ne,No,100,17.2015272720001,48.886897495,17.2015272720001,48.886897495
6215,60606180418,7/31/2018 12:00:00 AM,Úterý,Tuesday,Den,Day,Srážka s lesní zvěří,Collision with wildlife animals,"Lesní zvěří, domácim zvířetem","Wildlife animal, pet",Nezjišťováno,Not tested,Nezaviněná řidičem,Not caused by driver,0,0,0,0,0,0,"Suchý, neznečištěný",Dry and clean,Neztížené,Clear,Žádné,None,Osobní automobil,Car,Ne,No,20000,16.931186285,49.031484102,16.931186285,49.031484102
6216,60606180419,7/29/2018 12:00:00 AM,Neděle,Sunday,Noc,Night,"Srážka s vozidlem zaparkovaným, odstaveným",Collision with a parked vehicle,Řidičem nemotorového vozidla,Non-motorized vehicle driver,Nezjišťováno,Not tested,Nesprávný způsob jízdy,Inappropriate driving,0,0,0,0,0,0,"Suchý, neznečištěný",Dry and clean,Neztížené,Clear,Žádné,None,Jízdní kolo,Bicycle,Ne,No,0,17.2196666670001,48.976724695,17.2196666670001,48.976724695
6217,60606180420,7/28/2018 12:00:00 AM,Sobota,Saturday,Noc,Night,"Srážka s vozidlem zaparkovaným, odstaveným",Collision with a parked vehicle,Řidičem motorového vozidla,Car driver,Nezjišťováno,Not tested,Nesprávný způsob jízdy,Inappropriate driving,0,0,0,0,0,0,"Suchý, neznečištěný",Dry and clean,Neztížené,Clear,Žádné,None,"Nezjištěno, řidič ujel",Unknown,Ne,No,0,17.2089316620001,49.034670572,17.2089316620001,49.034670572
6218,60606180421,7/29/2018 12:00:00 AM,Neděle,Sunday,Noc,Night,Srážka s lesní zvěří,Collision with wildlife animals,"Lesní zvěří, domácim zvířetem","Wildlife animal, pet",Nezjišťováno,Not tested,Nezaviněná řidičem,Not caused by driver,0,0,0,0,0,0,"Suchý, neznečištěný",Dry and clean,Neztížené,Clear,Žádné,None,Osobní automobil,Car,Ne,No,30000,16.9441986090001,49.0680250340001,16.9441986090001,49.0680250340001
6219,60606180422,7/31/2018 12:00:00 AM,Úterý,Tuesday,Noc,Night,Srážka s lesní zvěří,Collision with wildlife animals,"Lesní zvěří, domácim zvířetem","Wildlife animal, pet",Nezjišťováno,Not tested,Nezaviněná řidičem,Not caused by driver,0,0,0,0,0,0,"Suchý, neznečištěný",Dry and clean,Neztížené,Clear,Žádné,None,Osobní automobil,Car,Ne,No,20000,17.1489436750001,48.887356051,17.1489436750001,48.887356051
6220,60606180423,7/31/2018 12:00:00 AM,Úterý,Tuesday,Den,Day,"Srážka s vozidlem zaparkovaným, odstaveným",Collision with a parked vehicle,Řidičem motorového vozidla,Car driver,Nezjišťováno,Not tested,Nesprávný způsob jízdy,Inappropriate driving,0,0,0,0,0,0,"Suchý, neznečištěný",Dry and clean,Neztížené,Clear,Žádné,None,"Nezjištěno, řidič ujel",Unknown,Ne,No,0,17.3142036730001,48.8965199990001,17.3142036730001,48.8965199990001
6221,60606180424,7/31/2018 12:00:00 AM,Úterý,Tuesday,Den,Day,Srážka s jedoucím nekolejovým vozidlem,Collision with other motor vehicle,Řidičem motorového vozidla,Car driver,Ne,No,Nedání přednosti v jizdě,Not respecting the right of way,0,0,1,0,0,1,"Suchý, neznečištěný",Dry and clean,Neztížené,Clear,Přechod pro chodce nebo v jeho blízkosti,Pedestrian crossing or nearby,Osobní automobil,Car,Ne,No,5000,17.332517673,48.990282881,17.332517673,48.990282881
6222,60606180425,7/30/2018 12:00:00 AM,Pondělí,Monday,Den,Day,Srážka s lesní zvěří,Collision with wildlife animals,"Lesní zvěří, domácim zvířetem","Wildlife animal, pet",Nezjišťováno,Not tested,Nezaviněná řidičem,Not caused by driver,0,0,0,0,0,0,"Suchý, neznečištěný",Dry and clean,Neztížené,Clear,Žádné,None,Osobní automobil,Car,Ne,No,5000,17.147384002,48.9212565290001,17.147384002,48.921256529
6223,60606180426,8/1/2018 12:00:00 AM,Středa,Wednesday,Den,Day,Srážka s lesní zvěří,Collision with wildlife animals,"Lesní zvěří, domácim zvířetem","Wildlife animal, pet",Nezjišťováno,Not tested,Nezaviněná řidičem,Not caused by driver,0,0,0,0,0,0,"Suchý, neznečištěný",Dry and clean,Neztížené,Clear,Žádné,None,Osobní automobil,Car,Ne,No,25000,17.3514736720001,48.968635971,17.3514736720001,48.968635971
6224,60606180427,8/1/2018 12:00:00 AM,Středa,Wednesday,Den,Day,"Srážka s vozidlem zaparkovaným, odstaveným",Collision with a parked vehicle,Řidičem motorového vozidla,Car driver,Ne,No,Nesprávný způsob jízdy,Inappropriate driving,0,0,1,0,0,1,"Suchý, neznečištěný",Dry and clean,Neztížené,Clear,Žádné,None,Osobní automobil,Car,Ne,No,10000,17.1243236670001,49.0060402330001,17.1243236670001,49.0060402330001
6225,60606180428,8/1/2018 12:00:00 AM,Středa,Wednesday,Den,Day,Srážka s lesní zvěří,Collision with wildlife animals,"Lesní zvěří, domácim zvířetem","Wildlife animal, pet",Nezjišťováno,Not tested,Nezaviněná řidičem,Not caused by driver,0,1,0,0,1,0,"Suchý, neznečištěný",Dry and clean,Neztížené,Clear,Žádné,None,Motocykl,Motorbike,Ne,No,15000,17.3058906740001,48.920852446,17.3058906740001,48.920852446
6226,60606180429,8/1/2018 12:00:00 AM,Středa,Wednesday,Noc,Night,Srážka s lesní zvěří,Collision with wildlife animals,"Lesní zvěří, domácim zvířetem","Wildlife animal, pet",Nezjišťováno,Not tested,Nezaviněná řidičem,Not caused by driver,0,0,0,0,0,0,"Suchý, neznečištěný",Dry and clean,Neztížené,Clear,Žádné,None,Osobní automobil,Car,Ne,No,15000,17.126332808,48.9895067090001,17.126332808,48.9895067090001
6227,60606180430,8/2/2018 12:00:00 AM,Čtvrtek,Thursday,Den,Day,Havárie,Crash,Řidičem motorového vozidla,Car driver,Ne,No,Nesprávný způsob jízdy,Inappropriate driving,0,0,1,0,0,1,"Suchý, neznečištěný",Dry and clean,Neztížené,Clear,Přechod pro chodce nebo v jeho blízkosti,Pedestrian crossing or nearby,Moped,Moped,Ne,No,1000,17.1257836780001,48.8533604030001,17.1257836780001,48.8533604030001
6228,60606180431,8/1/2018 12:00:00 AM,Středa,Wednesday,Noc,Night,"Srážka s vozidlem zaparkovaným, odstaveným",Collision with a parked vehicle,Řidičem motorového vozidla,Car driver,Nezjišťováno,Not tested,Nesprávný způsob jízdy,Inappropriate driving,0,0,0,0,0,0,"Suchý, neznečištěný",Dry and clean,Neztížené,Clear,Žádné,None,"Nezjištěno, řidič ujel",Unknown,Ne,No,0,17.1246992580001,49.006783592,17.1246992580001,49.006783592
6229,60606180432,8/3/2018 12:00:00 AM,Pátek,Friday,Den,Day,Srážka s chodcem,Collision with pedestrian,Řidičem motorového vozidla,Car driver,Ne,No,Nesprávný způsob jízdy,Inappropriate driving,0,0,1,0,0,1,"Suchý, neznečištěný",Dry and clean,Neztížené,Clear,Přechod pro chodce nebo v jeho blízkosti,Pedestrian crossing or nearby,Osobní automobil,Car,Ne,No,0,16.9422246830001,48.9068460510001,16.9422246830001,48.9068460510001
6230,60606180433,8/3/2018 12:00:00 AM,Pátek,Friday,Den,Day,Havárie,Crash,Řidičem nemotorového vozidla,Non-motorized vehicle driver,Pod vlivem alkoholu,Under the influence of alcohol,Nesprávný způsob jízdy,Inappropriate driving,0,0,1,0,0,1,"Suchý, neznečištěný",Dry and clean,Neztížené,Clear,Přechod pro chodce nebo v jeho blízkosti,Pedestrian crossing or nearby,Jízdní kolo,Bicycle,Ne,No,0,17.125968674,49.012607781,17.125968674,49.012607781
6231,60606180434,8/3/2018 12:00:00 AM,Pátek,Friday,Noc,Night,"Srážka s vozidlem zaparkovaným, odstaveným",Collision with a parked vehicle,Řidičem motorového vozidla,Car driver,Nezjišťováno,Not tested,Nesprávný způsob jízdy,Inappropriate driving,0,0,0,0,0,0,"Suchý, neznečištěný",Dry and clean,Neztížené,Clear,Žádné,None,"Nezjištěno, řidič ujel",Unknown,Ne,No,0,17.1315276710001,48.854190498,17.1315276710001,48.854190498
6232,60606180435,8/3/2018 12:00:00 AM,Pátek,Friday,Den,Day,Srážka s jedoucím nekolejovým vozidlem,Collision with other motor vehicle,Řidičem motorového vozidla,Car driver,Nezjišťováno,Not tested,Nesprávný způsob jízdy,Inappropriate driving,0,0,0,0,0,0,"Suchý, neznečištěný",Dry and clean,Neztížené,Clear,Žádné,None,"Nezjištěno, řidič ujel",Unknown,Ne,No,0,17.3877936710001,48.957820982,17.3877936710001,48.957820982
6233,60606180436,8/3/2018 12:00:00 AM,Pátek,Friday,Den,Day,Srážka s jedoucím nekolejovým vozidlem,Collision with other motor vehicle,Řidičem nemotorového vozidla,Non-motorized vehicle driver,Nezjišťováno,Not tested,Nedání přednosti v jizdě,Not respecting the right of way,0,0,2,0,0,2,"Suchý, neznečištěný",Dry and clean,Neztížené,Clear,Žádné,None,Jízdní kolo,Bicycle,Ne,No,0,17.3876876740001,48.954538562,17.3876876740001,48.954538562
6234,60606180437,8/3/2018 12:00:00 AM,Pátek,Friday,Den,Day,Srážka s lesní zvěří,Collision with wildlife animals,"Lesní zvěří, domácim zvířetem","Wildlife animal, pet",Nezjišťováno,Not tested,Nezaviněná řidičem,Not caused by driver,0,0,0,0,0,0,"Suchý, neznečištěný",Dry and clean,Neztížené,Clear,Žádné,None,Nákladní automobil,Truck,Ne,No,20000,17.22007767,48.882112498,17.22007767,48.882112498
6235,60606180438,8/4/2018 12:00:00 AM,Sobota,Saturday,Noc,Night,Havárie,Crash,Řidičem motorového vozidla,Car driver,Pod vlivem alkoholu,Under the influence of alcohol,Nepřiměřená rychlost jízdy,Inappropriate speed,0,0,1,0,0,1,"Suchý, neznečištěný",Dry and clean,Neztížené,Clear,Žádné,None,Osobní automobil,Car,Ne,No,90000,17.4350046590001,48.902626625,17.4350046590001,48.902626625
6236,60606180439,8/4/2018 12:00:00 AM,Sobota,Saturday,Den,Day,Srážka s jedoucím nekolejovým vozidlem,Collision with other motor vehicle,Řidičem motorového vozidla,Car driver,Ne,No,Nedání přednosti v jizdě,Not respecting the right of way,0,1,0,0,1,0,"Suchý, neznečištěný",Dry and clean,Neztížené,Clear,Přechod pro chodce nebo v jeho blízkosti,Pedestrian crossing or nearby,Osobní automobil,Car,Ne,No,1000,17.113760293,49.0072234250001,17.113760293,49.007223425
6237,60606180440,8/4/2018 12:00:00 AM,Sobota,Saturday,Noc,Night,"Srážka s vozidlem zaparkovaným, odstaveným",Collision with a parked vehicle,Řidičem nemotorového vozidla,Non-motorized vehicle driver,Nezjišťováno,Not tested,Nesprávný způsob jízdy,Inappropriate driving,0,0,0,0,0,0,"Suchý, neznečištěný",Dry and clean,Neztížené,Clear,Přechod pro chodce nebo v jeho blízkosti,Pedestrian crossing or nearby,"Nezjištěno, řidič ujel",Unknown,Ne,No,0,17.128939673,49.0159690610001,17.128939673,49.0159690610001
6238,60606180441,8/5/2018 12:00:00 AM,Neděle,Sunday,Den,Day,"Srážka s vozidlem zaparkovaným, odstaveným",Collision with a parked vehicle,Řidičem motorového vozidla,Car driver,Nezjišťováno,Not tested,Nesprávný způsob jízdy,Inappropriate driving,0,0,0,0,0,0,"Suchý, neznečištěný",Dry and clean,Neztížené,Clear,Přechod pro chodce nebo v jeho blízkosti,Pedestrian crossing or nearby,Osobní automobil,Car,Ne,No,15000,17.133061679,48.851404184,17.133061679,48.851404184
6239,60606180442,8/5/2018 12:00:00 AM,Neděle,Sunday,Den,Day,Srážka s jedoucím nekolejovým vozidlem,Collision with other motor vehicle,Řidičem motorového vozidla,Car driver,Ne,No,Nedání přednosti v jizdě,Not respecting the right of way,0,0,1,0,0,1,"Suchý, neznečištěný",Dry and clean,Neztížené,Clear,Žádné,None,Osobní automobil,Car,Ne,No,20000,17.391055437,48.955481983,17.391055437,48.955481983
6240,60606180443,8/5/2018 12:00:00 AM,Neděle,Sunday,Noc,Night,Srážka s lesní zvěří,Collision with wildlife animals,"Lesní zvěří, domácim zvířetem","Wildlife animal, pet",Nezjišťováno,Not tested,Nezaviněná řidičem,Not caused by driver,0,0,0,0,0,0,"Suchý, neznečištěný",Dry and clean,Neztížené,Clear,Žádné,None,Osobní automobil,Car,Ne,No,15000,17.0873116810001,48.8494879720001,17.0873116810001,48.8494879720001
6241,60606180444,8/6/2018 12:00:00 AM,Pondělí,Monday,Den,Day,"Srážka s vozidlem zaparkovaným, odstaveným",Collision with a parked vehicle,Řidičem motorového vozidla,Car driver,Nezjišťováno,Not tested,Nesprávný způsob jízdy,Inappropriate driving,0,0,0,0,0,0,"Suchý, neznečištěný",Dry and clean,Neztížené,Clear,Žádné,None,Osobní automobil,Car,Ne,No,12000,17.073538672,48.843228278,17.073538672,48.843228278
6242,60606180445,8/8/2018 12:00:00 AM,Středa,Wednesday,Noc,Night,Srážka s lesní zvěří,Collision with wildlife animals,"Lesní zvěří, domácim zvířetem","Wildlife animal, pet",Nezjišťováno,Not tested,Nezaviněná řidičem,Not caused by driver,0,0,0,0,0,0,"Suchý, neznečištěný",Dry and clean,Neztížené,Clear,Žádné,None,Osobní automobil,Car,Ne,No,10000,17.5202600650001,48.9357416390001,17.5202600650001,48.9357416390001
6243,60606180446,8/8/2018 12:00:00 AM,Středa,Wednesday,Den,Day,Srážka s lesní zvěří,Collision with wildlife animals,"Lesní zvěří, domácim zvířetem","Wildlife animal, pet",Nezjišťováno,Not tested,Nezaviněná řidičem,Not caused by driver,0,0,0,0,0,0,"Suchý, neznečištěný",Dry and clean,Neztížené,Clear,Žádné,None,Osobní automobil,Car,Ne,No,8000,17.1473106710001,48.976944712,17.1473106710001,48.976944712
6244,60606180447,8/8/2018 12:00:00 AM,Středa,Wednesday,Den,Day,Srážka s jedoucím nekolejovým vozidlem,Collision with other motor vehicle,Řidičem motorového vozidla,Car driver,Ne,No,Nesprávný způsob jízdy,Inappropriate driving,0,0,1,0,0,1,"Suchý, neznečištěný",Dry and clean,Neztížené,Clear,Žádné,None,Osobní automobil,Car,Ne,No,10000,17.1042136790001,48.9990926450001,17.1042136790001,48.9990926450001
6245,60606180448,8/9/2018 12:00:00 AM,Čtvrtek,Thursday,Den,Day,Havárie,Crash,Řidičem motorového vozidla,Car driver,Ne,No,Nesprávný způsob jízdy,Inappropriate driving,0,0,1,0,0,1,"Suchý, neznečištěný",Dry and clean,Neztížené,Clear,Žádné,None,Motocykl,Motorbike,Ne,No,5000,17.3640735720001,48.9633273170001,17.3640735720001,48.9633273170001
6246,60606180449,8/9/2018 12:00:00 AM,Čtvrtek,Thursday,Den,Day,Srážka s jedoucím nekolejovým vozidlem,Collision with other motor vehicle,Řidičem motorového vozidla,Car driver,Ne,No,Nesprávný způsob jízdy,Inappropriate driving,0,0,1,0,0,1,"Suchý, neznečištěný",Dry and clean,Neztížené,Clear,Žádné,None,Osobní automobil,Car,Ne,No,30000,17.1601978190001,48.9514503950001,17.1601978190001,48.9514503950001
6247,60606180450,8/7/2018 12:00:00 AM,Úterý,Tuesday,Noc,Night,Srážka s lesní zvěří,Collision with wildlife animals,"Lesní zvěří, domácim zvířetem","Wildlife animal, pet",Nezjišťováno,Not tested,Nezaviněná řidičem,Not caused by driver,0,0,0,0,0,0,"Suchý, neznečištěný",Dry and clean,Neztížené,Clear,Žádné,None,Osobní automobil,Car,Ne,No,15000,17.119737512,49.033100522,17.119737512,49.033100522
6248,60606180451,8/10/2018 12:00:00 AM,Pátek,Friday,Den,Day,"Srážka s vozidlem zaparkovaným, odstaveným",Collision with a parked vehicle,Řidičem nemotorového vozidla,Non-motorized vehicle driver,Nezjišťováno,Not tested,Nesprávný způsob jízdy,Inappropriate driving,0,0,0,0,0,0,"Suchý, neznečištěný",Dry and clean,Neztížené,Clear,Žádné,None,"Nezjištěno, řidič ujel",Unknown,Ne,No,0,17.117385674,48.859806109,17.117385674,48.859806109
6249,60606180452,8/10/2018 12:00:00 AM,Pátek,Friday,Den,Day,Srážka s jedoucím nekolejovým vozidlem,Collision with other motor vehicle,Řidičem motorového vozidla,Car driver,Nezjišťováno,Not tested,Nesprávný způsob jízdy,Inappropriate driving,0,0,0,0,0,0,"Suchý, neznečištěný",Dry and clean,Neztížené,Clear,Zastávka MHD,Public transport stop,"Nezjištěno, řidič ujel",Unknown,Ne,No,0,17.129447677,49.008512443,17.129447677,49.008512443
6250,60606180453,8/10/2018 12:00:00 AM,Pátek,Friday,Den,Day,Srážka s jedoucím nekolejovým vozidlem,Collision with other motor vehicle,Řidičem motorového vozidla,Car driver,Ne,No,Nedání přednosti v jizdě,Not respecting the right of way,0,0,1,0,0,1,"Suchý, neznečištěný",Dry and clean,Neztížené,Clear,Žádné,None,Osobní automobil,Car,Ne,No,70000,17.113327102,48.8811926070001,17.113327102,48.8811926070001
6251,60606180454,8/10/2018 12:00:00 AM,Pátek,Friday,Den,Day,Srážka s jedoucím nekolejovým vozidlem,Collision with other motor vehicle,Řidičem motorového vozidla,Car driver,Ne,No,Nesprávný způsob jízdy,Inappropriate driving,0,0,1,0,0,1,"Suchý, neznečištěný",Dry and clean,Neztížené,Clear,Žádné,None,Osobní automobil,Car,Ne,No,10000,17.1048366790001,48.8526133220001,17.1048366790001,48.8526133220001
6252,60606180455,8/3/2018 12:00:00 AM,Pátek,Friday,Noc,Night,"Srážka s vozidlem zaparkovaným, odstaveným",Collision with a parked vehicle,Řidičem motorového vozidla,Car driver,Nezjišťováno,Not tested,Nesprávný způsob jízdy,Inappropriate driving,0,0,0,0,0,0,"Suchý, neznečištěný",Dry and clean,Neztížené,Clear,Žádné,None,"Nezjištěno, řidič ujel",Unknown,Ne,No,0,17.1778476690001,48.9437186590001,17.1778476690001,48.9437186590001
6253,60606180456,8/11/2018 12:00:00 AM,Sobota,Saturday,Den,Day,"Srážka s vozidlem zaparkovaným, odstaveným",Collision with a parked vehicle,Řidičem motorového vozidla,Car driver,Nezjišťováno,Not tested,Nesprávný způsob jízdy,Inappropriate driving,0,0,0,0,0,0,"Suchý, neznečištěný",Dry and clean,Neztížené,Clear,Přechod pro chodce nebo v jeho blízkosti,Pedestrian crossing or nearby,"Nezjištěno, řidič ujel",Unknown,Ne,No,0,17.3849796600001,48.955209735,17.3849796600001,48.955209735
6254,60606180457,8/11/2018 12:00:00 AM,Sobota,Saturday,Noc,Night,"Srážka s vozidlem zaparkovaným, odstaveným",Collision with a parked vehicle,Řidičem motorového vozidla,Car driver,Nezjišťováno,Not tested,Nesprávný způsob jízdy,Inappropriate driving,0,0,0,0,0,0,"Suchý, neznečištěný",Dry and clean,Neztížené,Clear,Žádné,None,Osobní automobil,Car,Ne,No,0,17.132453261,48.8502454900001,17.132453261,48.8502454900001
6255,60606180458,8/12/2018 12:00:00 AM,Neděle,Sunday,Noc,Night,Havárie,Crash,Řidičem motorového vozidla,Car driver,Ne,No,Nepřiměřená rychlost jízdy,Inappropriate speed,0,0,1,0,0,1,Mokrý,Wet,Neztížené,Clear,Žádné,None,Osobní automobil,Car,Ano,Yes,30000,17.399816667,48.929956335,17.399816667,48.929956335
6256,60606180459,8/12/2018 12:00:00 AM,Neděle,Sunday,Den,Day,Srážka s pevnou překážkou,Collision with a fixed obstacle,Řidičem motorového vozidla,Car driver,Nezjišťováno,Not tested,Nepřiměřená rychlost jízdy,Inappropriate speed,0,0,0,0,0,0,"Suchý, neznečištěný",Dry and clean,Neztížené,Clear,Žádné,None,Osobní automobil,Car,Ne,No,15000,17.1259486720001,48.849181183,17.1259486720001,48.849181183
6257,60606180460,8/12/2018 12:00:00 AM,Neděle,Sunday,Den,Day,"Srážka s vozidlem zaparkovaným, odstaveným",Collision with a parked vehicle,Řidičem motorového vozidla,Car driver,Nezjišťováno,Not tested,Nesprávný způsob jízdy,Inappropriate driving,0,0,0,0,0,0,"Suchý, neznečištěný",Dry and clean,Neztížené,Clear,Přechod pro chodce nebo v jeho blízkosti,Pedestrian crossing or nearby,"Nezjištěno, řidič ujel",Unknown,Ne,No,0,17.395764661,48.8850858120001,17.395764661,48.8850858120001
6258,60606180461,8/14/2018 12:00:00 AM,Úterý,Tuesday,Den,Day,Srážka s vlakem,Collision with a train,Řidičem motorového vozidla,Car driver,Ne,No,Nedání přednosti v jizdě,Not respecting the right of way,0,0,0,0,0,0,"Suchý, neznečištěný",Dry and clean,Neztížené,Clear,Železniční přejezd,Train crossing,Nákladní automobil,Truck,Ne,No,50000,17.3345534870001,48.919680972,17.3345534870001,48.919680972
6259,60606180462,8/14/2018 12:00:00 AM,Úterý,Tuesday,Den,Day,Srážka s lesní zvěří,Collision with wildlife animals,"Lesní zvěří, domácim zvířetem","Wildlife animal, pet",Nezjišťováno,Not tested,Nezaviněná řidičem,Not caused by driver,0,0,0,0,0,0,"Suchý, neznečištěný",Dry and clean,Neztížené,Clear,Žádné,None,Osobní automobil,Car,Ne,No,40000,17.0856870220001,49.039481788,17.0856870220001,49.039481788
6260,60606180463,8/15/2018 12:00:00 AM,Středa,Wednesday,Den,Day,Srážka s jedoucím nekolejovým vozidlem,Collision with other motor vehicle,Řidičem nemotorového vozidla,Non-motorized vehicle driver,Pod vlivem alkoholu,Under the influence of alcohol,Nedání přednosti v jizdě,Not respecting the right of way,0,0,1,0,0,1,"Suchý, neznečištěný",Dry and clean,Neztížené,Clear,Přechod pro chodce nebo v jeho blízkosti,Pedestrian crossing or nearby,Jízdní kolo,Bicycle,Ne,No,0,17.21935167,48.9798549750001,17.21935167,48.9798549750001
6261,60606180464,8/15/2018 12:00:00 AM,Středa,Wednesday,Den,Day,Srážka s jedoucím nekolejovým vozidlem,Collision with other motor vehicle,Řidičem motorového vozidla,Car driver,Ne,No,Nesprávné předjíždění,Bad overtaking,0,0,0,0,0,0,"Suchý, neznečištěný",Dry and clean,Neztížené,Clear,Žádné,None,Osobní automobil,Car,Ne,No,200000,17.0178826690001,49.1070018520001,17.0178826690001,49.107001852
6262,60606180465,8/15/2018 12:00:00 AM,Středa,Wednesday,Den,Day,Srážka s jedoucím nekolejovým vozidlem,Collision with other motor vehicle,Řidičem motorového vozidla,Car driver,Pod vlivem alkoholu,Under the influence of alcohol,Nesprávný způsob jízdy,Inappropriate driving,0,0,0,0,0,0,"Suchý, neznečištěný",Dry and clean,Neztížené,Clear,Žádné,None,Osobní automobil,Car,Ne,No,60000,17.194090235,48.8876216890001,17.194090235,48.8876216890001