OBJECTID,ID,Datum,Den,Day,DenNoc,DayNight,DruhNehody,Type,Zavineni,CausedBy,Alkohol,Alcohol,HlavniPricina,MainCause,Usmrceno,Tezce,Lehce,DeathToll,HeavyInjuries,LightInjuries,StavPovrchu,RoadCondition,Pocasi,Weather,SpecifikaceMista,PlaceSituation,DruhVozidla,VehicleType,Smyk,Skyd,Skoda,X,Y,x2,y2
6628,61206180014,1/16/2018 12:00:00 AM,Úterý,Tuesday,Den,Day,Srážka s pevnou překážkou,Collision with a fixed obstacle,Řidičem motorového vozidla,Car driver,Ne,No,Nepřiměřená rychlost jízdy,Inappropriate speed,0,0,0,0,0,0,"Náledí, ujetý sníh - neposypané","Ice, snow - no grit","Námraza, náledí","Frost, icy",Žádné,None,Nákladní automobil,Truck,Ano,Yes,0,16.944416677,49.1458543210001,16.944416677,49.1458543210001
6629,61206180015,1/16/2018 12:00:00 AM,Úterý,Tuesday,Den,Day,Srážka s chodcem,Collision with pedestrian,Chodcem,Pedestrian,Ne,No,Nezaviněná řidičem,Not caused by driver,0,0,1,0,0,1,Rozbředlý sníh,Slushy snow,Nárazový vítr,Impact wind,Žádné,None,Osobní automobil,Car,Ne,No,10000,16.838575678,49.1693176890001,16.838575678,49.1693176890001
6630,61206180016,1/16/2018 12:00:00 AM,Úterý,Tuesday,Den,Day,Srážka s pevnou překážkou,Collision with a fixed obstacle,Řidičem motorového vozidla,Car driver,Ne,No,Nesprávný způsob jízdy,Inappropriate driving,0,0,0,0,0,0,Mokrý,Wet,"Námraza, náledí","Frost, icy",Čerpadlo pohonných hmot,Gas station,Nákladní automobil,Truck,Ne,No,0,16.894070143,49.207627544,16.894070143,49.207627544
6631,61206180017,1/18/2018 12:00:00 AM,Čtvrtek,Thursday,Den,Day,Srážka s chodcem,Collision with pedestrian,Chodcem,Pedestrian,Ne,No,Nezaviněná řidičem,Not caused by driver,0,0,0,0,0,0,Mokrý,Wet,Sněžení,Snowing,Přechod pro chodce nebo v jeho blízkosti,Pedestrian crossing or nearby,Osobní automobil,Car,Ne,No,0,16.997904132,49.2770350230001,16.997904132,49.2770350230001
6632,61206180018,1/12/2018 12:00:00 AM,Pátek,Friday,Den,Day,"Srážka s vozidlem zaparkovaným, odstaveným",Collision with a parked vehicle,Řidičem motorového vozidla,Car driver,Nezjišťováno,Not tested,Nesprávný způsob jízdy,Inappropriate driving,0,0,0,0,0,0,"Suchý, neznečištěný",Dry and clean,Neztížené,Clear,Čerpadlo pohonných hmot,Gas station,Osobní automobil,Car,Ne,No,10000,16.8790976770001,49.1915148950001,16.8790976770001,49.1915148950001
6633,61206180019,1/21/2018 12:00:00 AM,Neděle,Sunday,Den,Day,"Srážka s vozidlem zaparkovaným, odstaveným",Collision with a parked vehicle,Řidičem motorového vozidla,Car driver,Nezjišťováno,Not tested,Nepřiměřená rychlost jízdy,Inappropriate speed,0,0,0,0,0,0,"Náledí, ujetý sníh - neposypané","Ice, snow - no grit",Neztížené,Clear,Přechod pro chodce nebo v jeho blízkosti,Pedestrian crossing or nearby,Osobní automobil,Car,Ano,Yes,5000,17.0155566770001,49.1506836130001,17.0155566770001,49.1506836130001
6634,61206180020,1/21/2018 12:00:00 AM,Neděle,Sunday,Noc,Night,Srážka s pevnou překážkou,Collision with a fixed obstacle,Řidičem motorového vozidla,Car driver,Nezjišťováno,Not tested,Nesprávný způsob jízdy,Inappropriate driving,0,0,0,0,0,0,"Náledí, ujetý sníh - posypané","Ice, snow - grit",Neztížené,Clear,Žádné,None,"Nezjištěno, řidič ujel",Unknown,Ne,No,0,16.8758647450001,49.2276484550001,16.8758647450001,49.2276484550001
6635,61206180021,1/23/2018 12:00:00 AM,Úterý,Tuesday,Den,Day,Srážka s pevnou překážkou,Collision with a fixed obstacle,Řidičem motorového vozidla,Car driver,Ne,No,Nepřiměřená rychlost jízdy,Inappropriate speed,0,0,0,0,0,0,"Náledí, ujetý sníh - posypané","Ice, snow - grit",Sněžení,Snowing,Žádné,None,Osobní automobil,Car,Ano,Yes,15000,16.874114671,49.3159280960001,16.874114671,49.315928096
6636,61206180022,1/23/2018 12:00:00 AM,Úterý,Tuesday,Den,Day,Srážka s pevnou překážkou,Collision with a fixed obstacle,Řidičem motorového vozidla,Car driver,Ne,No,Nesprávný způsob jízdy,Inappropriate driving,0,0,0,0,0,0,"Suchý, neznečištěný",Dry and clean,Neztížené,Clear,Žádné,None,Nákladní automobil,Truck,Ne,No,0,17.01965467,49.1410440280001,17.01965467,49.1410440280001
6637,61206180023,1/25/2018 12:00:00 AM,Čtvrtek,Thursday,Den,Day,Havárie,Crash,Řidičem motorového vozidla,Car driver,Ne,No,Nepřiměřená rychlost jízdy,Inappropriate speed,0,0,0,0,0,0,"Náledí, ujetý sníh - posypané","Ice, snow - grit","Námraza, náledí","Frost, icy",Žádné,None,Osobní automobil,Car,Ano,Yes,30000,16.925977673,49.2759227080001,16.925977673,49.275922708
6638,61206180024,1/26/2018 12:00:00 AM,Pátek,Friday,Noc,Night,"Srážka s vozidlem zaparkovaným, odstaveným",Collision with a parked vehicle,Řidičem motorového vozidla,Car driver,Ne,No,Nesprávný způsob jízdy,Inappropriate driving,0,0,0,0,0,0,"Suchý, neznečištěný",Dry and clean,Neztížené,Clear,Přechod pro chodce nebo v jeho blízkosti,Pedestrian crossing or nearby,Osobní automobil,Car,Ne,No,30000,16.9829916740001,49.2826539640001,16.9829916740001,49.2826539640001
6639,61206180025,1/26/2018 12:00:00 AM,Pátek,Friday,Den,Day,Srážka s chodcem,Collision with pedestrian,Řidičem motorového vozidla,Car driver,Ne,No,Nesprávný způsob jízdy,Inappropriate driving,0,0,1,0,0,1,"Suchý, neznečištěný",Dry and clean,Neztížené,Clear,Žádné,None,Osobní automobil,Car,Ne,No,1000,17.069400671,49.159314114,17.069400671,49.159314114
6640,61206180026,1/27/2018 12:00:00 AM,Sobota,Saturday,Noc,Night,Srážka s pevnou překážkou,Collision with a fixed obstacle,Řidičem motorového vozidla,Car driver,Ne,No,Nesprávný způsob jízdy,Inappropriate driving,0,0,0,0,0,0,"Suchý, neznečištěný",Dry and clean,Neztížené,Clear,Žádné,None,Osobní automobil,Car,Ne,No,40000,17.051361598,49.307289483,17.051361598,49.307289483
6641,61206180027,1/27/2018 12:00:00 AM,Sobota,Saturday,Den,Day,"Srážka s vozidlem zaparkovaným, odstaveným",Collision with a parked vehicle,Řidičem motorového vozidla,Car driver,Pod vlivem alkoholu,Under the influence of alcohol,Nesprávný způsob jízdy,Inappropriate driving,0,0,0,0,0,0,"Suchý, neznečištěný",Dry and clean,Neztížené,Clear,Žádné,None,Osobní automobil,Car,Ne,No,45000,16.8483456770001,49.177136121,16.8483456770001,49.177136121
6642,61206180028,1/28/2018 12:00:00 AM,Neděle,Sunday,Den,Day,Srážka s pevnou překážkou,Collision with a fixed obstacle,Řidičem motorového vozidla,Car driver,Ne,No,Nepřiměřená rychlost jízdy,Inappropriate speed,0,0,4,0,0,4,"Suchý, neznečištěný",Dry and clean,Neztížené,Clear,Žádné,None,Osobní automobil,Car,Ano,Yes,20000,17.039558673,49.3198712220001,17.039558673,49.3198712220001
6643,61206180029,1/29/2018 12:00:00 AM,Pondělí,Monday,Den,Day,Srážka s pevnou překážkou,Collision with a fixed obstacle,Řidičem motorového vozidla,Car driver,Ne,No,Nesprávný způsob jízdy,Inappropriate driving,0,0,0,0,0,0,"Suchý, neznečištěný",Dry and clean,Neztížené,Clear,Žádné,None,Nákladní automobil,Truck,Ne,No,10000,16.9977285000001,49.278015764,16.9977285000001,49.278015764
6644,61206180030,1/29/2018 12:00:00 AM,Pondělí,Monday,Den,Day,Srážka s lesní zvěří,Collision with wildlife animals,"Lesní zvěří, domácim zvířetem","Wildlife animal, pet",Nezjišťováno,Not tested,Nezaviněná řidičem,Not caused by driver,0,0,0,0,0,0,"Suchý, neznečištěný",Dry and clean,Neztížené,Clear,Žádné,None,Osobní automobil,Car,Ne,No,25000,16.8785867660001,49.3911824560001,16.8785867660001,49.3911824560001
6645,61206180031,1/30/2018 12:00:00 AM,Úterý,Tuesday,Den,Day,Srážka s pevnou překážkou,Collision with a fixed obstacle,Řidičem motorového vozidla,Car driver,Ne,No,Nesprávný způsob jízdy,Inappropriate driving,0,0,0,0,0,0,"Suchý, neznečištěný",Dry and clean,Neztížené,Clear,Zastávka MHD,Public transport stop,Osobní automobil,Car,Ne,No,5000,16.981831674,49.276445734,16.981831674,49.276445734
6646,61206180032,1/30/2018 12:00:00 AM,Úterý,Tuesday,Den,Day,Srážka s domácim zvířetem,Collision with a pet,"Lesní zvěří, domácim zvířetem","Wildlife animal, pet",Nezjišťováno,Not tested,Nezaviněná řidičem,Not caused by driver,0,0,0,0,0,0,"Suchý, neznečištěný",Dry and clean,Neztížené,Clear,Žádné,None,Osobní automobil,Car,Ne,No,0,17.0043896710001,49.2736796250001,17.0043896710001,49.2736796250001
6647,61206180033,1/30/2018 12:00:00 AM,Úterý,Tuesday,Den,Day,"Srážka s vozidlem zaparkovaným, odstaveným",Collision with a parked vehicle,Řidičem motorového vozidla,Car driver,Nezjišťováno,Not tested,Nesprávný způsob jízdy,Inappropriate driving,0,0,0,0,0,0,"Suchý, neznečištěný",Dry and clean,Neztížené,Clear,Přechod pro chodce nebo v jeho blízkosti,Pedestrian crossing or nearby,"Nezjištěno, řidič ujel",Unknown,Ne,No,0,16.990035672,49.2743296560001,16.990035672,49.2743296560001
6648,61206180034,1/30/2018 12:00:00 AM,Úterý,Tuesday,Noc,Night,"Srážka s vozidlem zaparkovaným, odstaveným",Collision with a parked vehicle,Řidičem motorového vozidla,Car driver,Nezjišťováno,Not tested,Nesprávný způsob jízdy,Inappropriate driving,0,0,0,0,0,0,"Suchý, neznečištěný",Dry and clean,Neztížené,Clear,Výjezd z parkoviště,Exit from car park,"Nezjištěno, řidič ujel",Unknown,Ne,No,0,17.048150675,49.1358737100001,17.048150675,49.1358737100001
6649,61206180035,2/1/2018 12:00:00 AM,Čtvrtek,Thursday,Den,Day,Srážka s lesní zvěří,Collision with wildlife animals,"Lesní zvěří, domácim zvířetem","Wildlife animal, pet",Nezjišťováno,Not tested,Nezaviněná řidičem,Not caused by driver,0,0,0,0,0,0,"Suchý, neznečištěný",Dry and clean,Neztížené,Clear,Žádné,None,Nákladní automobil,Truck,Ne,No,10000,16.8710196760001,49.1766730940001,16.8710196760001,49.1766730940001
6650,61206180036,2/1/2018 12:00:00 AM,Čtvrtek,Thursday,Den,Day,"Srážka s vozidlem zaparkovaným, odstaveným",Collision with a parked vehicle,Řidičem motorového vozidla,Car driver,Ne,No,Nesprávný způsob jízdy,Inappropriate driving,0,0,0,0,0,0,Mokrý,Wet,Déšť,Raining,Přechod pro chodce nebo v jeho blízkosti,Pedestrian crossing or nearby,Osobní automobil,Car,Ne,No,50000,17.0903532780001,49.304245388,17.0903532780001,49.304245388
6651,61206180037,2/1/2018 12:00:00 AM,Čtvrtek,Thursday,Den,Day,Srážka s jedoucím nekolejovým vozidlem,Collision with other motor vehicle,Řidičem motorového vozidla,Car driver,Ne,No,Nesprávný způsob jízdy,Inappropriate driving,0,0,0,0,0,0,Mokrý,Wet,Déšť,Raining,Žádné,None,Osobní automobil,Car,Ne,No,20000,16.865011672,49.1529827470001,16.865011672,49.1529827470001
6652,61206180038,2/2/2018 12:00:00 AM,Pátek,Friday,Den,Day,Srážka s jedoucím nekolejovým vozidlem,Collision with other motor vehicle,Řidičem nemotorového vozidla,Non-motorized vehicle driver,Ne,No,Nedání přednosti v jizdě,Not respecting the right of way,0,1,0,0,1,0,"Suchý, neznečištěný",Dry and clean,Neztížené,Clear,Přechod pro chodce nebo v jeho blízkosti,Pedestrian crossing or nearby,Jízdní kolo,Bicycle,Ne,No,1000,16.984815613,49.2821604970001,16.984815613,49.2821604970001
6653,61206180039,2/4/2018 12:00:00 AM,Neděle,Sunday,Den,Day,Srážka s jedoucím nekolejovým vozidlem,Collision with other motor vehicle,Řidičem motorového vozidla,Car driver,Nezjišťováno,Not tested,Nesprávný způsob jízdy,Inappropriate driving,0,0,0,0,0,0,"Suchý, neznečištěný",Dry and clean,Neztížené,Clear,Žádné,None,"Nezjištěno, řidič ujel",Unknown,Ne,No,0,16.8188698020001,49.1657280900001,16.8188698020001,49.1657280900001
6654,61206180040,2/5/2018 12:00:00 AM,Pondělí,Monday,Den,Day,Srážka s jedoucím nekolejovým vozidlem,Collision with other motor vehicle,Řidičem motorového vozidla,Car driver,Ne,No,Nedání přednosti v jizdě,Not respecting the right of way,0,0,1,0,0,1,"Suchý, neznečištěný",Dry and clean,Neztížené,Clear,Přechod pro chodce nebo v jeho blízkosti,Pedestrian crossing or nearby,Nákladní automobil,Truck,Ne,No,40000,17.0824575610001,49.1498017810001,17.0824575610001,49.1498017810001
6655,61206180041,2/2/2018 12:00:00 AM,Pátek,Friday,Noc,Night,"Srážka s vozidlem zaparkovaným, odstaveným",Collision with a parked vehicle,Řidičem motorového vozidla,Car driver,Nezjišťováno,Not tested,Nesprávný způsob jízdy,Inappropriate driving,0,0,0,0,0,0,"Suchý, neznečištěný",Dry and clean,Neztížené,Clear,Žádné,None,"Nezjištěno, řidič ujel",Unknown,Ne,No,0,17.0059256660001,49.2806148930001,17.0059256660001,49.2806148930001
6656,61206180042,2/7/2018 12:00:00 AM,Středa,Wednesday,Noc,Night,Srážka s chodcem,Collision with pedestrian,Řidičem motorového vozidla,Car driver,Ne,No,Nesprávný způsob jízdy,Inappropriate driving,0,0,1,0,0,1,"Suchý, neznečištěný",Dry and clean,Neztížené,Clear,Přechod pro chodce nebo v jeho blízkosti,Pedestrian crossing or nearby,Osobní automobil,Car,Ne,No,30000,16.9915376110001,49.282966677,16.9915376110001,49.282966677
6657,61206180043,2/7/2018 12:00:00 AM,Středa,Wednesday,Den,Day,Srážka s jedoucím nekolejovým vozidlem,Collision with other motor vehicle,Řidičem motorového vozidla,Car driver,Ne,No,Nesprávný způsob jízdy,Inappropriate driving,0,0,0,0,0,0,"Náledí, ujetý sníh - neposypané","Ice, snow - no grit",Sněžení,Snowing,Žádné,None,Osobní automobil,Car,Ne,No,10000,16.994151678,49.2759917130001,16.994151678,49.275991713
6658,61206180044,2/7/2018 12:00:00 AM,Středa,Wednesday,Den,Day,Srážka s pevnou překážkou,Collision with a fixed obstacle,Řidičem motorového vozidla,Car driver,Ne,No,Nepřiměřená rychlost jízdy,Inappropriate speed,0,0,0,0,0,0,"Náledí, ujetý sníh - posypané","Ice, snow - grit",Sněžení,Snowing,Žádné,None,Nákladní automobil,Truck,Ano,Yes,150000,16.899970992,49.1064753420001,16.899970992,49.1064753420001
6659,61206180045,2/8/2018 12:00:00 AM,Čtvrtek,Thursday,Den,Day,Srážka s jedoucím nekolejovým vozidlem,Collision with other motor vehicle,Řidičem motorového vozidla,Car driver,Ne,No,Nedání přednosti v jizdě,Not respecting the right of way,0,0,0,0,0,0,Mokrý,Wet,Neztížené,Clear,Žádné,None,Osobní automobil,Car,Ne,No,30000,16.8077641080001,49.1842343210001,16.8077641080001,49.1842343210001
6660,61206180046,2/11/2018 12:00:00 AM,Neděle,Sunday,Noc,Night,Srážka s pevnou překážkou,Collision with a fixed obstacle,Řidičem motorového vozidla,Car driver,Pod vlivem alkoholu,Under the influence of alcohol,Nepřiměřená rychlost jízdy,Inappropriate speed,0,0,0,0,0,0,"Suchý, neznečištěný",Dry and clean,Neztížené,Clear,Žádné,None,Osobní automobil,Car,Ano,Yes,30000,16.808937681,49.1786992090001,16.808937681,49.1786992090001
6661,61206180047,2/11/2018 12:00:00 AM,Neděle,Sunday,Den,Day,"Srážka s vozidlem zaparkovaným, odstaveným",Collision with a parked vehicle,Řidičem motorového vozidla,Car driver,Nezjišťováno,Not tested,Nesprávný způsob jízdy,Inappropriate driving,0,0,0,0,0,0,"Suchý, neznečištěný",Dry and clean,Neztížené,Clear,Žádné,None,"Nezjištěno, řidič ujel",Unknown,Ne,No,0,16.9629711640001,49.1736506770001,16.9629711640001,49.1736506770001
6662,61206180048,2/14/2018 12:00:00 AM,Středa,Wednesday,Noc,Night,Srážka s jedoucím nekolejovým vozidlem,Collision with other motor vehicle,Řidičem motorového vozidla,Car driver,Nezjišťováno,Not tested,Nesprávný způsob jízdy,Inappropriate driving,0,0,0,0,0,0,"Náledí, ujetý sníh - posypané","Ice, snow - grit",Neztížené,Clear,Žádné,None,"Nezjištěno, řidič ujel",Unknown,Ne,No,0,16.924732674,49.326145411,16.924732674,49.326145411
6663,61206180049,2/11/2018 12:00:00 AM,Neděle,Sunday,Den,Day,Srážka s jedoucím nekolejovým vozidlem,Collision with other motor vehicle,Technickou závadou vozidla,Technical malfunction of a vehicle,Nezjišťováno,Not tested,Technická závada vozidla,Technical malfunction of vehicle,0,0,1,0,0,1,"Suchý, neznečištěný",Dry and clean,Neztížené,Clear,Žádné,None,Nákladní automobil,Truck,Ne,No,0,16.8536186740001,49.161254227,16.8536186740001,49.161254227
6664,61206180050,2/16/2018 12:00:00 AM,Pátek,Friday,Den,Day,Havárie,Crash,Řidičem motorového vozidla,Car driver,Ne,No,Nepřiměřená rychlost jízdy,Inappropriate speed,0,0,1,0,0,1,Rozbředlý sníh,Slushy snow,Sněžení,Snowing,Žádné,None,Osobní automobil,Car,Ano,Yes,150000,17.016415668,49.1103890810001,17.016415668,49.1103890810001
6665,61206180051,2/16/2018 12:00:00 AM,Pátek,Friday,Den,Day,Srážka s jedoucím nekolejovým vozidlem,Collision with other motor vehicle,Řidičem motorového vozidla,Car driver,Ne,No,Nepřiměřená rychlost jízdy,Inappropriate speed,0,0,2,0,0,2,Rozbředlý sníh,Slushy snow,Sněžení,Snowing,Žádné,None,Osobní automobil,Car,Ano,Yes,70000,16.8690866800001,49.1956981120001,16.8690866800001,49.1956981120001
6666,61206180052,2/19/2018 12:00:00 AM,Pondělí,Monday,Den,Day,Srážka s pevnou překážkou,Collision with a fixed obstacle,Řidičem motorového vozidla,Car driver,Ne,No,Nesprávný způsob jízdy,Inappropriate driving,0,0,0,0,0,0,"Suchý, neznečištěný",Dry and clean,Neztížené,Clear,Přechod pro chodce nebo v jeho blízkosti,Pedestrian crossing or nearby,Osobní automobil,Car,Ne,No,10000,17.003292414,49.151130444,17.003292414,49.151130444
6667,61206180053,2/19/2018 12:00:00 AM,Pondělí,Monday,Den,Day,Srážka s pevnou překážkou,Collision with a fixed obstacle,Řidičem motorového vozidla,Car driver,Ne,No,Nesprávný způsob jízdy,Inappropriate driving,0,0,0,0,0,0,"Suchý, neznečištěný",Dry and clean,Neztížené,Clear,"Most, nadjezd, podjezd, tunel","Bridge, overpass, underpass, tunel ",Nákladní automobil,Truck,Ne,No,200000,17.091018008,49.308176035,17.091018008,49.308176035
6668,61206180054,2/19/2018 12:00:00 AM,Pondělí,Monday,Den,Day,Jiný druh nehody,Other,Technickou závadou vozidla,Technical malfunction of a vehicle,Nezjišťováno,Not tested,Technická závada vozidla,Technical malfunction of vehicle,0,0,0,0,0,0,"Suchý, neznečištěný",Dry and clean,Neztížené,Clear,Žádné,None,"Nezjištěno, řidič ujel",Unknown,Ne,No,0,16.86605668,49.1493005240001,16.86605668,49.1493005240001
6669,61206180055,2/20/2018 12:00:00 AM,Úterý,Tuesday,Den,Day,Srážka s jedoucím nekolejovým vozidlem,Collision with other motor vehicle,Řidičem motorového vozidla,Car driver,Pod vlivem alkoholu,Under the influence of alcohol,Nepřiměřená rychlost jízdy,Inappropriate speed,0,1,1,0,1,1,"Suchý, neznečištěný",Dry and clean,Neztížené,Clear,Žádné,None,Nákladní automobil,Truck,Ano,Yes,140000,16.91457582,49.094515818,16.91457582,49.094515818
6670,61206180056,1/1/2018 12:00:00 AM,Pondělí,Monday,Noc,Night,"Srážka s vozidlem zaparkovaným, odstaveným",Collision with a parked vehicle,Řidičem motorového vozidla,Car driver,Nezjišťováno,Not tested,Nesprávný způsob jízdy,Inappropriate driving,0,0,0,0,0,0,"Suchý, znečištěný (písek, prach, štěrk, atd.)",Dry and dirty,Neztížené,Clear,Žádné,None,"Nezjištěno, řidič ujel",Unknown,Ne,No,0,16.99713045,49.2770755970001,16.99713045,49.2770755970001
6671,61206180057,2/22/2018 12:00:00 AM,Čtvrtek,Thursday,Den,Day,"Srážka s vozidlem zaparkovaným, odstaveným",Collision with a parked vehicle,Řidičem motorového vozidla,Car driver,Nezjišťováno,Not tested,Nesprávný způsob jízdy,Inappropriate driving,0,0,0,0,0,0,"Suchý, znečištěný (písek, prach, štěrk, atd.)",Dry and dirty,Neztížené,Clear,Čerpadlo pohonných hmot,Gas station,"Nezjištěno, řidič ujel",Unknown,Ne,No,0,16.9883336730001,49.270120487,16.9883336730001,49.270120487
6672,61206180058,2/22/2018 12:00:00 AM,Čtvrtek,Thursday,Den,Day,Srážka s lesní zvěří,Collision with wildlife animals,"Lesní zvěří, domácim zvířetem","Wildlife animal, pet",Nezjišťováno,Not tested,Nezaviněná řidičem,Not caused by driver,0,0,0,0,0,0,"Suchý, neznečištěný",Dry and clean,Neztížené,Clear,Žádné,None,Osobní automobil,Car,Ne,No,20000,16.779161679,49.111299133,16.779161679,49.111299133
6673,61206180059,2/22/2018 12:00:00 AM,Čtvrtek,Thursday,Den,Day,Srážka s jedoucím nekolejovým vozidlem,Collision with other motor vehicle,Řidičem motorového vozidla,Car driver,Ne,No,Nesprávný způsob jízdy,Inappropriate driving,0,0,0,0,0,0,"Suchý, neznečištěný",Dry and clean,Neztížené,Clear,Žádné,None,Osobní automobil,Car,Ne,No,40000,16.9518431170001,49.2518359360001,16.9518431170001,49.2518359360001
6674,61206180060,2/22/2018 12:00:00 AM,Čtvrtek,Thursday,Den,Day,Srážka s pevnou překážkou,Collision with a fixed obstacle,Řidičem motorového vozidla,Car driver,Ne,No,Nepřiměřená rychlost jízdy,Inappropriate speed,0,0,0,0,0,0,"Suchý, neznečištěný",Dry and clean,Nárazový vítr,Impact wind,Žádné,None,Osobní automobil,Car,Ne,No,10000,16.8839006750001,49.1316944500001,16.8839006750001,49.1316944500001
6675,61206180061,2/23/2018 12:00:00 AM,Pátek,Friday,Den,Day,Srážka s lesní zvěří,Collision with wildlife animals,"Lesní zvěří, domácim zvířetem","Wildlife animal, pet",Nezjišťováno,Not tested,Nezaviněná řidičem,Not caused by driver,0,0,0,0,0,0,"Suchý, neznečištěný",Dry and clean,Neztížené,Clear,Žádné,None,Osobní automobil,Car,Ne,No,10000,16.9349958280001,49.277075429,16.9349958280001,49.277075429
6676,61206180062,2/22/2018 12:00:00 AM,Čtvrtek,Thursday,Noc,Night,"Srážka s vozidlem zaparkovaným, odstaveným",Collision with a parked vehicle,Řidičem motorového vozidla,Car driver,Nezjišťováno,Not tested,Nesprávný způsob jízdy,Inappropriate driving,0,0,0,0,0,0,"Suchý, neznečištěný",Dry and clean,Neztížené,Clear,Žádné,None,"Nezjištěno, řidič ujel",Unknown,Ne,No,0,16.986150998,49.277453393,16.986150998,49.277453393
6677,61206180063,2/23/2018 12:00:00 AM,Pátek,Friday,Den,Day,Srážka s pevnou překážkou,Collision with a fixed obstacle,Řidičem motorového vozidla,Car driver,Ne,No,Nesprávný způsob jízdy,Inappropriate driving,0,0,0,0,0,0,"Suchý, neznečištěný",Dry and clean,Neztížené,Clear,Žádné,None,Osobní automobil,Car,Ne,No,10000,16.883396492,49.203979674,16.883396492,49.203979674
6678,61206180064,2/25/2018 12:00:00 AM,Neděle,Sunday,Den,Day,Srážka s lesní zvěří,Collision with wildlife animals,"Lesní zvěří, domácim zvířetem","Wildlife animal, pet",Nezjišťováno,Not tested,Nezaviněná řidičem,Not caused by driver,0,0,0,0,0,0,"Suchý, neznečištěný",Dry and clean,Neztížené,Clear,Žádné,None,Osobní automobil,Car,Ne,No,50000,17.0199296800001,49.0934629280001,17.0199296800001,49.0934629280001
6679,61206180065,2/24/2018 12:00:00 AM,Sobota,Saturday,Den,Day,"Srážka s vozidlem zaparkovaným, odstaveným",Collision with a parked vehicle,Řidičem motorového vozidla,Car driver,Nezjišťováno,Not tested,Nesprávný způsob jízdy,Inappropriate driving,0,0,0,0,0,0,"Suchý, neznečištěný",Dry and clean,Neztížené,Clear,Přechod pro chodce nebo v jeho blízkosti,Pedestrian crossing or nearby,Osobní automobil,Car,Ne,No,1000,16.879316682,49.154665847,16.879316682,49.154665847
6680,61206180066,2/26/2018 12:00:00 AM,Pondělí,Monday,Den,Day,"Srážka s vozidlem zaparkovaným, odstaveným",Collision with a parked vehicle,Řidičem motorového vozidla,Car driver,Nezjišťováno,Not tested,Nesprávný způsob jízdy,Inappropriate driving,0,0,0,0,0,0,"Suchý, neznečištěný",Dry and clean,Neztížené,Clear,Žádné,None,Nákladní automobil,Truck,Ne,No,0,17.009462667,49.294631397,17.009462667,49.294631397
6681,61206180067,2/27/2018 12:00:00 AM,Úterý,Tuesday,Noc,Night,Srážka s lesní zvěří,Collision with wildlife animals,"Lesní zvěří, domácim zvířetem","Wildlife animal, pet",Nezjišťováno,Not tested,Nezaviněná řidičem,Not caused by driver,0,0,0,0,0,0,"Suchý, neznečištěný",Dry and clean,Neztížené,Clear,Žádné,None,Osobní automobil,Car,Ne,No,10000,17.101109675,49.27660974,17.101109675,49.27660974
6682,61206180068,3/2/2018 12:00:00 AM,Pátek,Friday,Den,Day,"Srážka s vozidlem zaparkovaným, odstaveným",Collision with a parked vehicle,Řidičem motorového vozidla,Car driver,Nezjišťováno,Not tested,Nesprávný způsob jízdy,Inappropriate driving,0,0,0,0,0,0,"Náledí, ujetý sníh - neposypané","Ice, snow - no grit",Neztížené,Clear,Přechod pro chodce nebo v jeho blízkosti,Pedestrian crossing or nearby,"Nezjištěno, řidič ujel",Unknown,Ne,No,0,16.993961671,49.27461666,16.993961671,49.2746166600001
6683,61206180069,3/2/2018 12:00:00 AM,Pátek,Friday,Den,Day,Jiný druh nehody,Other,Řidičem nemotorového vozidla,Non-motorized vehicle driver,Ne,No,Nepřiměřená rychlost jízdy,Inappropriate speed,0,0,1,0,0,1,"Náledí, ujetý sníh - neposypané","Ice, snow - no grit",Neztížené,Clear,Žádné,None,Jízdní kolo,Bicycle,Ano,Yes,1000,17.0023656650001,49.276653744,17.0023656650001,49.276653744
6684,61206180070,3/2/2018 12:00:00 AM,Pátek,Friday,Den,Day,Srážka s pevnou překážkou,Collision with a fixed obstacle,Řidičem motorového vozidla,Car driver,Ne,No,Nepřiměřená rychlost jízdy,Inappropriate speed,0,0,1,0,0,1,"Náledí, ujetý sníh - neposypané","Ice, snow - no grit",Sněžení,Snowing,Žádné,None,Osobní automobil,Car,Ano,Yes,80000,17.01768953,49.1000843640001,17.01768953,49.100084364
6685,61206180071,3/2/2018 12:00:00 AM,Pátek,Friday,Den,Day,Srážka s jedoucím nekolejovým vozidlem,Collision with other motor vehicle,Řidičem motorového vozidla,Car driver,Ne,No,Nesprávný způsob jízdy,Inappropriate driving,0,0,1,0,0,1,"Náledí, ujetý sníh - neposypané","Ice, snow - no grit","Námraza, náledí","Frost, icy",Žádné,None,Osobní automobil,Car,Ne,No,20000,17.0278656720001,49.3150570760001,17.0278656720001,49.3150570760001
6686,61206180072,3/2/2018 12:00:00 AM,Pátek,Friday,Den,Day,Havárie,Crash,Řidičem motorového vozidla,Car driver,Ne,No,Nepřiměřená rychlost jízdy,Inappropriate speed,0,0,1,0,0,1,"Náledí, ujetý sníh - neposypané","Ice, snow - no grit",Neztížené,Clear,Žádné,None,Osobní automobil,Car,Ano,Yes,10000,17.047495672,49.3276134550001,17.047495672,49.3276134550001
6687,61206180073,3/2/2018 12:00:00 AM,Pátek,Friday,Den,Day,Srážka s pevnou překážkou,Collision with a fixed obstacle,Řidičem motorového vozidla,Car driver,Ne,No,Nepřiměřená rychlost jízdy,Inappropriate speed,0,0,0,0,0,0,"Náledí, ujetý sníh - neposypané","Ice, snow - no grit",Neztížené,Clear,Žádné,None,Osobní automobil,Car,Ano,Yes,10000,16.8878972320001,49.272873535,16.8878972320001,49.272873535