OBJECTID,ID,Datum,Den,Day,DenNoc,DayNight,DruhNehody,Type,Zavineni,CausedBy,Alkohol,Alcohol,HlavniPricina,MainCause,Usmrceno,Tezce,Lehce,DeathToll,HeavyInjuries,LightInjuries,StavPovrchu,RoadCondition,Pocasi,Weather,SpecifikaceMista,PlaceSituation,DruhVozidla,VehicleType,Smyk,Skyd,Skoda,X,Y,x2,y2
7236,61306180115,3/26/2018 12:00:00 AM,Pondělí,Monday,Den,Day,Srážka s pevnou překážkou,Collision with a fixed obstacle,Řidičem motorového vozidla,Car driver,Ne,No,Nesprávný způsob jízdy,Inappropriate driving,0,0,0,0,0,0,"Suchý, neznečištěný",Dry and clean,Neztížené,Clear,Žádné,None,Osobní automobil,Car,Ne,No,35000,16.3021036960001,49.0327104140001,16.3021036960001,49.0327104140001
7237,61306180116,3/26/2018 12:00:00 AM,Pondělí,Monday,Den,Day,Srážka s pevnou překážkou,Collision with a fixed obstacle,Řidičem motorového vozidla,Car driver,Ne,No,Nepřiměřená rychlost jízdy,Inappropriate speed,0,2,0,0,2,0,"Suchý, neznečištěný",Dry and clean,Neztížené,Clear,Žádné,None,Osobní automobil,Car,Ne,No,150000,16.3969177770001,48.9846539650001,16.3969177770001,48.9846539650001
7238,61306180117,3/28/2018 12:00:00 AM,Středa,Wednesday,Den,Day,Srážka s jedoucím nekolejovým vozidlem,Collision with other motor vehicle,Řidičem motorového vozidla,Car driver,Ne,No,Nedání přednosti v jizdě,Not respecting the right of way,0,0,0,0,0,0,"Suchý, neznečištěný",Dry and clean,Neztížené,Clear,Žádné,None,Osobní automobil,Car,Ne,No,15000,16.148746692,48.983693309,16.148746692,48.983693309
7239,61306180118,3/28/2018 12:00:00 AM,Středa,Wednesday,Den,Day,Srážka s jedoucím nekolejovým vozidlem,Collision with other motor vehicle,Řidičem motorového vozidla,Car driver,Pod vlivem drog,Under the influence of drugs,Nesprávné předjíždění,Bad overtaking,0,0,0,0,0,0,"Suchý, neznečištěný",Dry and clean,Neztížené,Clear,Žádné,None,Osobní automobil,Car,Ne,No,30000,16.3314986940001,48.9357138930001,16.3314986940001,48.9357138930001
7240,61306180119,3/28/2018 12:00:00 AM,Středa,Wednesday,Den,Day,Srážka s jedoucím nekolejovým vozidlem,Collision with other motor vehicle,Řidičem motorového vozidla,Car driver,Nezjišťováno,Not tested,Nesprávný způsob jízdy,Inappropriate driving,0,0,0,0,0,0,"Suchý, neznečištěný",Dry and clean,Neztížené,Clear,Žádné,None,Osobní automobil,Car,Ne,No,0,16.0858186950001,48.8492919560001,16.0858186950001,48.8492919560001
7241,61306180120,4/1/2018 12:00:00 AM,Neděle,Sunday,Den,Day,Srážka s pevnou překážkou,Collision with a fixed obstacle,Řidičem motorového vozidla,Car driver,Ne,No,Nesprávný způsob jízdy,Inappropriate driving,0,0,0,0,0,0,"Suchý, neznečištěný",Dry and clean,Neztížené,Clear,Čerpadlo pohonných hmot,Gas station,Osobní automobil,Car,Ne,No,0,16.067196708,48.76474197,16.067196708,48.76474197
7242,61306180121,4/1/2018 12:00:00 AM,Neděle,Sunday,Noc,Night,Srážka s pevnou překážkou,Collision with a fixed obstacle,Řidičem motorového vozidla,Car driver,Pod vlivem alkoholu,Under the influence of alcohol,Nepřiměřená rychlost jízdy,Inappropriate speed,0,0,0,0,0,0,"Suchý, neznečištěný",Dry and clean,Neztížené,Clear,Žádné,None,Osobní automobil,Car,Ne,No,40000,15.985164952,48.9994133440001,15.985164952,48.9994133440001
7243,61306180122,3/31/2018 12:00:00 AM,Sobota,Saturday,Noc,Night,"Srážka s vozidlem zaparkovaným, odstaveným",Collision with a parked vehicle,Řidičem motorového vozidla,Car driver,Nezjišťováno,Not tested,Nesprávný způsob jízdy,Inappropriate driving,0,0,0,0,0,0,"Suchý, neznečištěný",Dry and clean,Neztížené,Clear,Žádné,None,"Nezjištěno, řidič ujel",Unknown,Ne,No,0,16.2553636910001,49.02238858,16.2553636910001,49.02238858
7244,61306180123,4/3/2018 12:00:00 AM,Úterý,Tuesday,Noc,Night,"Srážka s vozidlem zaparkovaným, odstaveným",Collision with a parked vehicle,Řidičem motorového vozidla,Car driver,Nezjišťováno,Not tested,Nesprávný způsob jízdy,Inappropriate driving,0,0,0,0,0,0,"Suchý, neznečištěný",Dry and clean,Neztížené,Clear,Žádné,None,"Nezjištěno, řidič ujel",Unknown,Ne,No,0,16.0462647000001,48.862578408,16.0462647000001,48.862578408
7245,61306180124,4/3/2018 12:00:00 AM,Úterý,Tuesday,Den,Day,Srážka s jedoucím nekolejovým vozidlem,Collision with other motor vehicle,Řidičem motorového vozidla,Car driver,Ne,No,Nedání přednosti v jizdě,Not respecting the right of way,0,1,0,0,1,0,"Suchý, neznečištěný",Dry and clean,Neztížené,Clear,Žádné,None,Osobní automobil,Car,Ne,No,3000,16.3513219650001,48.8610970990001,16.3513219650001,48.8610970990001
7246,61306180125,4/2/2018 12:00:00 AM,Pondělí,Monday,Noc,Night,"Srážka s vozidlem zaparkovaným, odstaveným",Collision with a parked vehicle,Řidičem motorového vozidla,Car driver,Nezjišťováno,Not tested,Nesprávný způsob jízdy,Inappropriate driving,0,0,0,0,0,0,"Suchý, neznečištěný",Dry and clean,Neztížené,Clear,Žádné,None,"Nezjištěno, řidič ujel",Unknown,Ne,No,0,16.0509068120001,48.8704621590001,16.0509068120001,48.870462159
7247,61306180126,4/2/2018 12:00:00 AM,Pondělí,Monday,Noc,Night,Srážka s pevnou překážkou,Collision with a fixed obstacle,Řidičem motorového vozidla,Car driver,Nezjišťováno,Not tested,Nepřiměřená rychlost jízdy,Inappropriate speed,0,0,0,0,0,0,"Suchý, neznečištěný",Dry and clean,Neztížené,Clear,Žádné,None,Osobní automobil,Car,Ne,No,10000,16.1276281030001,49.0302545580001,16.1276281030001,49.0302545580001
7248,61306180127,4/7/2018 12:00:00 AM,Sobota,Saturday,Den,Day,Srážka s pevnou překážkou,Collision with a fixed obstacle,Řidičem motorového vozidla,Car driver,Ne,No,Nepřiměřená rychlost jízdy,Inappropriate speed,0,0,3,0,0,3,"Suchý, neznečištěný",Dry and clean,Neztížené,Clear,Žádné,None,Osobní automobil,Car,Ne,No,100000,16.0633447050001,48.8631194760001,16.0633447050001,48.8631194760001
7249,61306180128,4/8/2018 12:00:00 AM,Neděle,Sunday,Noc,Night,Srážka s pevnou překážkou,Collision with a fixed obstacle,Řidičem motorového vozidla,Car driver,Pod vlivem alkoholu,Under the influence of alcohol,Nepřiměřená rychlost jízdy,Inappropriate speed,0,0,0,0,0,0,Mokrý,Wet,Slabý déšť,Light Raining,Žádné,None,Osobní automobil,Car,Ano,Yes,20000,15.968048708,48.8825135480001,15.968048708,48.8825135480001
7250,61306180129,4/9/2018 12:00:00 AM,Pondělí,Monday,Den,Day,Havárie,Crash,Řidičem motorového vozidla,Car driver,Ne,No,Nepřiměřená rychlost jízdy,Inappropriate speed,0,0,1,0,0,1,"Suchý, neznečištěný",Dry and clean,Neztížené,Clear,Žádné,None,Motocykl,Motorbike,Ne,No,10000,16.036539702,48.8968890420001,16.036539702,48.8968890420001
7251,61306180130,4/11/2018 12:00:00 AM,Středa,Wednesday,Noc,Night,Srážka s lesní zvěří,Collision with wildlife animals,"Lesní zvěří, domácim zvířetem","Wildlife animal, pet",Nezjišťováno,Not tested,Nezaviněná řidičem,Not caused by driver,0,0,0,0,0,0,"Suchý, neznečištěný",Dry and clean,Neztížené,Clear,Žádné,None,Osobní automobil,Car,Ne,No,10000,16.0788246990001,48.7819991050001,16.0788246990001,48.7819991050001
7252,61306180131,4/10/2018 12:00:00 AM,Úterý,Tuesday,Noc,Night,"Srážka s vozidlem zaparkovaným, odstaveným",Collision with a parked vehicle,Řidičem motorového vozidla,Car driver,Nezjišťováno,Not tested,Nesprávný způsob jízdy,Inappropriate driving,0,0,0,0,0,0,"Suchý, neznečištěný",Dry and clean,Neztížené,Clear,Žádné,None,"Nezjištěno, řidič ujel",Unknown,Ne,No,0,16.044228699,48.870844307,16.044228699,48.870844307
7253,61306180132,4/11/2018 12:00:00 AM,Středa,Wednesday,Den,Day,Srážka s pevnou překážkou,Collision with a fixed obstacle,Řidičem motorového vozidla,Car driver,Nezjišťováno,Not tested,Nesprávný způsob jízdy,Inappropriate driving,0,0,0,0,0,0,"Suchý, neznečištěný",Dry and clean,Neztížené,Clear,Žádné,None,Nákladní automobil,Truck,Ne,No,0,15.9416658960001,48.8486266620001,15.9416658960001,48.8486266620001
7254,61306180133,4/6/2018 12:00:00 AM,Pátek,Friday,Den,Day,Srážka s pevnou překážkou,Collision with a fixed obstacle,Řidičem motorového vozidla,Car driver,Nezjišťováno,Not tested,Nesprávný způsob jízdy,Inappropriate driving,0,0,0,0,0,0,"Suchý, neznečištěný",Dry and clean,Neztížené,Clear,Žádné,None,"Nezjištěno, řidič ujel",Unknown,Ne,No,0,15.7206692660001,48.9408584020001,15.7206692660001,48.9408584020001
7255,61306180134,4/12/2018 12:00:00 AM,Čtvrtek,Thursday,Den,Day,Jiný druh nehody,Other,Řidičem motorového vozidla,Car driver,Nezjišťováno,Not tested,Nesprávný způsob jízdy,Inappropriate driving,0,0,0,0,0,0,"Suchý, neznečištěný",Dry and clean,Neztížené,Clear,Čerpadlo pohonných hmot,Gas station,Osobní automobil,Car,Ne,No,0,16.353170698,48.929269278,16.353170698,48.929269278
7256,61306180135,4/14/2018 12:00:00 AM,Sobota,Saturday,Noc,Night,Srážka s pevnou překážkou,Collision with a fixed obstacle,Řidičem motorového vozidla,Car driver,Pod vlivem alkoholu a drog,Under the influence of alcohol and drugs,Nesprávný způsob jízdy,Inappropriate driving,0,0,1,0,0,1,"Suchý, neznečištěný",Dry and clean,Neztížené,Clear,Žádné,None,Osobní automobil,Car,Ne,No,20000,16.0435751160001,48.8621798710001,16.0435751160001,48.8621798710001
7257,61306180136,4/14/2018 12:00:00 AM,Sobota,Saturday,Den,Day,Havárie,Crash,Řidičem nemotorového vozidla,Non-motorized vehicle driver,Pod vlivem alkoholu,Under the influence of alcohol,Nesprávný způsob jízdy,Inappropriate driving,0,1,0,0,1,0,"Suchý, neznečištěný",Dry and clean,Neztížené,Clear,Žádné,None,Jízdní kolo,Bicycle,Ano,Yes,500,15.623885714,48.912239593,15.623885714,48.912239593
7258,61306180137,4/15/2018 12:00:00 AM,Neděle,Sunday,Den,Day,Srážka s pevnou překážkou,Collision with a fixed obstacle,Řidičem motorového vozidla,Car driver,Ne,No,Nepřiměřená rychlost jízdy,Inappropriate speed,0,0,1,0,0,1,"Suchý, znečištěný (písek, prach, štěrk, atd.)",Dry and dirty,Neztížené,Clear,Žádné,None,Osobní automobil,Car,Ano,Yes,30000,15.7186947070001,48.9325835970001,15.7186947070001,48.9325835970001
7259,61306180138,4/15/2018 12:00:00 AM,Neděle,Sunday,Noc,Night,Srážka s pevnou překážkou,Collision with a fixed obstacle,Řidičem motorového vozidla,Car driver,Ne,No,Nesprávný způsob jízdy,Inappropriate driving,0,0,0,0,0,0,Mokrý,Wet,Neztížené,Clear,Žádné,None,Osobní automobil,Car,Ne,No,10000,16.052340698,48.852482308,16.052340698,48.852482308
7260,61306180139,4/16/2018 12:00:00 AM,Pondělí,Monday,Den,Day,Srážka s jedoucím nekolejovým vozidlem,Collision with other motor vehicle,Řidičem motorového vozidla,Car driver,Ne,No,Nepřiměřená rychlost jízdy,Inappropriate speed,0,0,1,0,0,1,"Suchý, neznečištěný",Dry and clean,Neztížené,Clear,Žádné,None,Motocykl,Motorbike,Ne,No,20000,16.070025705,48.832269045,16.070025705,48.832269045
7261,61306180140,4/16/2018 12:00:00 AM,Pondělí,Monday,Den,Day,Srážka s jedoucím nekolejovým vozidlem,Collision with other motor vehicle,Řidičem motorového vozidla,Car driver,Ne,No,Nesprávný způsob jízdy,Inappropriate driving,0,0,0,0,0,0,"Suchý, neznečištěný",Dry and clean,Neztížené,Clear,Přechod pro chodce nebo v jeho blízkosti,Pedestrian crossing or nearby,Nákladní automobil,Truck,Ne,No,10000,16.070025705,48.832269045,16.070025705,48.832269045
7262,61306180141,4/13/2018 12:00:00 AM,Pátek,Friday,Noc,Night,"Srážka s vozidlem zaparkovaným, odstaveným",Collision with a parked vehicle,Řidičem motorového vozidla,Car driver,Nezjišťováno,Not tested,Nesprávný způsob jízdy,Inappropriate driving,0,0,0,0,0,0,"Suchý, neznečištěný",Dry and clean,Neztížené,Clear,Přechod pro chodce nebo v jeho blízkosti,Pedestrian crossing or nearby,"Nezjištěno, řidič ujel",Unknown,Ne,No,0,16.0657475580001,48.8388646880001,16.0657475580001,48.8388646880001
7263,61306180142,4/18/2018 12:00:00 AM,Středa,Wednesday,Den,Day,Srážka s jedoucím nekolejovým vozidlem,Collision with other motor vehicle,Řidičem motorového vozidla,Car driver,Ne,No,Nedání přednosti v jizdě,Not respecting the right of way,0,0,1,0,0,1,"Suchý, neznečištěný",Dry and clean,Neztížené,Clear,Žádné,None,Osobní automobil,Car,Ne,No,10000,16.1493717000001,48.8355514130001,16.1493717000001,48.8355514130001
7264,61306180143,4/21/2018 12:00:00 AM,Sobota,Saturday,Den,Day,"Srážka s vozidlem zaparkovaným, odstaveným",Collision with a parked vehicle,Řidičem motorového vozidla,Car driver,Nezjišťováno,Not tested,Nesprávný způsob jízdy,Inappropriate driving,0,0,0,0,0,0,"Suchý, neznečištěný",Dry and clean,Neztížené,Clear,Přechod pro chodce nebo v jeho blízkosti,Pedestrian crossing or nearby,"Nezjištěno, řidič ujel",Unknown,Ne,No,0,16.054651705,48.8600441400001,16.054651705,48.8600441400001
7265,61306180144,4/23/2018 12:00:00 AM,Pondělí,Monday,Den,Day,Srážka s jedoucím nekolejovým vozidlem,Collision with other motor vehicle,Řidičem motorového vozidla,Car driver,Nezjišťováno,Not tested,Nesprávný způsob jízdy,Inappropriate driving,0,0,0,0,0,0,"Suchý, neznečištěný",Dry and clean,Neztížené,Clear,Žádné,None,Osobní automobil,Car,Ne,No,0,16.0386577620001,48.8778482870001,16.0386577620001,48.8778482870001
7266,61306180145,4/24/2018 12:00:00 AM,Úterý,Tuesday,Den,Day,"Srážka s vozidlem zaparkovaným, odstaveným",Collision with a parked vehicle,Řidičem motorového vozidla,Car driver,Nezjišťováno,Not tested,Nesprávný způsob jízdy,Inappropriate driving,0,0,0,0,0,0,"Suchý, neznečištěný",Dry and clean,Neztížené,Clear,Žádné,None,Osobní automobil,Car,Ne,No,500,16.05715724,48.844388978,16.05715724,48.844388978
7267,61306180146,4/25/2018 12:00:00 AM,Středa,Wednesday,Den,Day,Srážka s pevnou překážkou,Collision with a fixed obstacle,Řidičem motorového vozidla,Car driver,Pod vlivem drog,Under the influence of drugs,Nepřiměřená rychlost jízdy,Inappropriate speed,0,0,1,0,0,1,"Suchý, neznečištěný",Dry and clean,Neztížené,Clear,Žádné,None,Osobní automobil,Car,Ne,No,40000,16.314287689,49.0478205960001,16.314287689,49.0478205960001
7268,61306180147,4/27/2018 12:00:00 AM,Pátek,Friday,Den,Day,Srážka s jedoucím nekolejovým vozidlem,Collision with other motor vehicle,Řidičem motorového vozidla,Car driver,Ne,No,Nedání přednosti v jizdě,Not respecting the right of way,0,0,0,0,0,0,"Suchý, neznečištěný",Dry and clean,Neztížené,Clear,Přechod pro chodce nebo v jeho blízkosti,Pedestrian crossing or nearby,Osobní automobil,Car,Ne,No,20000,16.3168216940001,48.9467129450001,16.3168216940001,48.9467129450001
7269,61306180148,4/28/2018 12:00:00 AM,Sobota,Saturday,Den,Day,Srážka s pevnou překážkou,Collision with a fixed obstacle,Řidičem motorového vozidla,Car driver,Nezjišťováno,Not tested,Nesprávný způsob jízdy,Inappropriate driving,0,0,0,0,0,0,"Suchý, neznečištěný",Dry and clean,Neztížené,Clear,Žádné,None,"Nezjištěno, řidič ujel",Unknown,Ne,No,0,16.05007155,48.857163556,16.05007155,48.857163556
7270,61306180149,4/28/2018 12:00:00 AM,Sobota,Saturday,Den,Day,Srážka s chodcem,Collision with pedestrian,Chodcem,Pedestrian,Nezjišťováno,Not tested,Nezaviněná řidičem,Not caused by driver,0,0,2,0,0,2,"Suchý, neznečištěný",Dry and clean,Neztížené,Clear,Výjezd z parkoviště,Exit from car park,Jízdní kolo,Bicycle,Ne,No,50000,16.047964703,48.850115042,16.047964703,48.850115042
7271,61306180150,4/29/2018 12:00:00 AM,Neděle,Sunday,Noc,Night,Srážka s pevnou překážkou,Collision with a fixed obstacle,Řidičem motorového vozidla,Car driver,Pod vlivem alkoholu,Under the influence of alcohol,Nesprávný způsob jízdy,Inappropriate driving,0,0,0,0,0,0,"Suchý, neznečištěný",Dry and clean,Neztížené,Clear,Žádné,None,Osobní automobil,Car,Ne,No,1000,16.0413697000001,48.8677919790001,16.0413697000001,48.8677919790001
7272,61306180151,4/29/2018 12:00:00 AM,Neděle,Sunday,Noc,Night,Srážka s lesní zvěří,Collision with wildlife animals,"Lesní zvěří, domácim zvířetem","Wildlife animal, pet",Nezjišťováno,Not tested,Nezaviněná řidičem,Not caused by driver,0,0,0,0,0,0,"Suchý, neznečištěný",Dry and clean,Neztížené,Clear,Žádné,None,Osobní automobil,Car,Ne,No,40000,16.0487896970001,48.7846884400001,16.0487896970001,48.7846884400001
7273,61306180152,4/28/2018 12:00:00 AM,Sobota,Saturday,Noc,Night,"Srážka s vozidlem zaparkovaným, odstaveným",Collision with a parked vehicle,Řidičem motorového vozidla,Car driver,Nezjišťováno,Not tested,Nepřiměřená rychlost jízdy,Inappropriate speed,0,0,0,0,0,0,"Suchý, neznečištěný",Dry and clean,Neztížené,Clear,Žádné,None,"Nezjištěno, řidič ujel",Unknown,Ne,No,0,16.278699687,49.016246084,16.278699687,49.016246084
7274,61306180153,4/22/2018 12:00:00 AM,Neděle,Sunday,Noc,Night,"Srážka s vozidlem zaparkovaným, odstaveným",Collision with a parked vehicle,Řidičem motorového vozidla,Car driver,Nezjišťováno,Not tested,Nesprávný způsob jízdy,Inappropriate driving,0,0,0,0,0,0,"Suchý, neznečištěný",Dry and clean,Neztížené,Clear,Přechod pro chodce nebo v jeho blízkosti,Pedestrian crossing or nearby,"Nezjištěno, řidič ujel",Unknown,Ne,No,0,16.0543357070001,48.852977363,16.0543357070001,48.852977363
7275,61306180154,4/30/2018 12:00:00 AM,Pondělí,Monday,Den,Day,Srážka s pevnou překážkou,Collision with a fixed obstacle,Řidičem motorového vozidla,Car driver,Nezjišťováno,Not tested,Nesprávný způsob jízdy,Inappropriate driving,0,0,0,0,0,0,"Suchý, neznečištěný",Dry and clean,Neztížené,Clear,Čerpadlo pohonných hmot,Gas station,Nákladní automobil,Truck,Ne,No,1000,16.056941705,48.8467316730001,16.056941705,48.8467316730001
7276,61306180155,4/30/2018 12:00:00 AM,Pondělí,Monday,Den,Day,Havárie,Crash,Řidičem motorového vozidla,Car driver,Ne,No,Nepřiměřená rychlost jízdy,Inappropriate speed,0,0,0,0,0,0,"Suchý, neznečištěný",Dry and clean,Neztížené,Clear,Žádné,None,Nákladní automobil,Truck,Ano,Yes,200000,15.8984319190001,48.9715469600001,15.8984319190001,48.9715469600001
7277,61306180156,5/3/2018 12:00:00 AM,Čtvrtek,Thursday,Den,Day,"Srážka s vozidlem zaparkovaným, odstaveným",Collision with a parked vehicle,Řidičem motorového vozidla,Car driver,Nezjišťováno,Not tested,Nesprávný způsob jízdy,Inappropriate driving,0,0,0,0,0,0,"Suchý, neznečištěný",Dry and clean,Neztížené,Clear,Přechod pro chodce nebo v jeho blízkosti,Pedestrian crossing or nearby,"Nezjištěno, řidič ujel",Unknown,Ne,No,0,16.3059066920001,49.04290322,16.3059066920001,49.04290322
7278,61306180157,5/5/2018 12:00:00 AM,Sobota,Saturday,Den,Day,Srážka s jedoucím nekolejovým vozidlem,Collision with other motor vehicle,Řidičem motorového vozidla,Car driver,Pod vlivem alkoholu,Under the influence of alcohol,Nesprávný způsob jízdy,Inappropriate driving,0,0,1,0,0,1,"Suchý, neznečištěný",Dry and clean,Neztížené,Clear,Žádné,None,Osobní automobil,Car,Ne,No,5000,16.395136694,48.8065110530001,16.395136694,48.8065110530001
7279,61306180158,5/5/2018 12:00:00 AM,Sobota,Saturday,Den,Day,Srážka s jedoucím nekolejovým vozidlem,Collision with other motor vehicle,Řidičem motorového vozidla,Car driver,Ne,No,Nesprávný způsob jízdy,Inappropriate driving,0,1,1,0,1,1,"Suchý, neznečištěný",Dry and clean,Neztížené,Clear,Žádné,None,Motocykl,Motorbike,Ne,No,10000,16.4039516870001,48.7988481460001,16.4039516870001,48.7988481460001
7280,61306180159,5/6/2018 12:00:00 AM,Neděle,Sunday,Den,Day,Srážka s pevnou překážkou,Collision with a fixed obstacle,Řidičem motorového vozidla,Car driver,Nezjišťováno,Not tested,Nesprávný způsob jízdy,Inappropriate driving,0,0,0,0,0,0,"Suchý, neznečištěný",Dry and clean,Neztížené,Clear,Přechod pro chodce nebo v jeho blízkosti,Pedestrian crossing or nearby,Osobní automobil,Car,Ne,No,0,16.0588636960001,48.84571756,16.0588636960001,48.84571756
7281,61306180160,5/6/2018 12:00:00 AM,Neděle,Sunday,Den,Day,Srážka s jedoucím nekolejovým vozidlem,Collision with other motor vehicle,Řidičem motorového vozidla,Car driver,Ne,No,Nesprávné předjíždění,Bad overtaking,0,0,2,0,0,2,"Suchý, neznečištěný",Dry and clean,Neztížené,Clear,Žádné,None,Osobní automobil,Car,Ne,No,30000,16.330513689,48.916796048,16.330513689,48.916796048
7282,61306180161,5/7/2018 12:00:00 AM,Pondělí,Monday,Den,Day,Srážka s chodcem,Collision with pedestrian,Řidičem motorového vozidla,Car driver,Ne,No,Nesprávný způsob jízdy,Inappropriate driving,0,0,1,0,0,1,"Suchý, neznečištěný",Dry and clean,Neztížené,Clear,Žádné,None,Osobní automobil,Car,Ne,No,0,16.0584247050001,48.8555376460001,16.0584247050001,48.8555376460001
7283,61306180162,5/7/2018 12:00:00 AM,Pondělí,Monday,Den,Day,"Srážka s vozidlem zaparkovaným, odstaveným",Collision with a parked vehicle,Řidičem motorového vozidla,Car driver,Nezjišťováno,Not tested,Nesprávný způsob jízdy,Inappropriate driving,0,0,0,0,0,0,"Suchý, neznečištěný",Dry and clean,Neztížené,Clear,Žádné,None,"Nezjištěno, řidič ujel",Unknown,Ne,No,0,16.0546477290001,48.850944681,16.0546477290001,48.850944681
7284,61306180163,5/8/2018 12:00:00 AM,Úterý,Tuesday,Den,Day,Havárie,Crash,Řidičem nemotorového vozidla,Non-motorized vehicle driver,Nezjišťováno,Not tested,Nesprávný způsob jízdy,Inappropriate driving,0,0,1,0,0,1,"Suchý, neznečištěný",Dry and clean,Neztížené,Clear,Žádné,None,Jízdní kolo,Bicycle,Ne,No,0,16.272932698,48.985537472,16.272932698,48.985537472
7285,61306180164,5/8/2018 12:00:00 AM,Úterý,Tuesday,Den,Day,Srážka s jedoucím nekolejovým vozidlem,Collision with other motor vehicle,Řidičem motorového vozidla,Car driver,Ne,No,Nedání přednosti v jizdě,Not respecting the right of way,0,0,1,0,0,1,Mokrý,Wet,Slabý déšť,Light Raining,Žádné,None,Osobní automobil,Car,Ne,No,5000,16.047097697,48.854575535,16.047097697,48.854575535
7286,61306180165,5/9/2018 12:00:00 AM,Středa,Wednesday,Den,Day,Srážka s pevnou překážkou,Collision with a fixed obstacle,Řidičem motorového vozidla,Car driver,Nezjišťováno,Not tested,Nesprávný způsob jízdy,Inappropriate driving,0,0,0,0,0,0,Mokrý,Wet,Déšť,Raining,"Most, nadjezd, podjezd, tunel","Bridge, overpass, underpass, tunel ",Nákladní automobil,Truck,Ne,No,0,16.3461417,49.0129643490001,16.3461417,49.0129643490001
7287,61306180166,5/10/2018 12:00:00 AM,Čtvrtek,Thursday,Den,Day,Havárie,Crash,Řidičem nemotorového vozidla,Non-motorized vehicle driver,Nezjišťováno,Not tested,Nepřiměřená rychlost jízdy,Inappropriate speed,0,0,1,0,0,1,"Suchý, neznečištěný",Dry and clean,Neztížené,Clear,Žádné,None,Jízdní kolo,Bicycle,Ne,No,1000,16.085472059,48.944002923,16.085472059,48.944002923
7288,61306180167,5/9/2018 12:00:00 AM,Středa,Wednesday,Den,Day,Srážka s lesní zvěří,Collision with wildlife animals,"Lesní zvěří, domácim zvířetem","Wildlife animal, pet",Nezjišťováno,Not tested,Nezaviněná řidičem,Not caused by driver,0,0,0,0,0,0,"Suchý, neznečištěný",Dry and clean,Neztížené,Clear,Žádné,None,Osobní automobil,Car,Ne,No,25000,16.2512436920001,48.7623246690001,16.2512436920001,48.7623246690001
7289,61306180168,5/11/2018 12:00:00 AM,Pátek,Friday,Noc,Night,Srážka s jedoucím nekolejovým vozidlem,Collision with other motor vehicle,Řidičem motorového vozidla,Car driver,Pod vlivem alkoholu a drog,Under the influence of alcohol and drugs,Nepřiměřená rychlost jízdy,Inappropriate speed,0,0,1,0,0,1,"Suchý, neznečištěný",Dry and clean,Neztížené,Clear,Žádné,None,Osobní automobil,Car,Ano,Yes,15000,16.296617686,49.0493517150001,16.296617686,49.0493517150001
7290,61306180169,5/8/2018 12:00:00 AM,Úterý,Tuesday,Noc,Night,"Srážka s vozidlem zaparkovaným, odstaveným",Collision with a parked vehicle,Řidičem motorového vozidla,Car driver,Nezjišťováno,Not tested,Nesprávný způsob jízdy,Inappropriate driving,0,0,0,0,0,0,"Suchý, neznečištěný",Dry and clean,Neztížené,Clear,Žádné,None,"Nezjištěno, řidič ujel",Unknown,Ne,No,0,16.394054694,48.829584739,16.394054694,48.829584739
7291,61306180170,5/11/2018 12:00:00 AM,Pátek,Friday,Den,Day,Srážka s jedoucím nekolejovým vozidlem,Collision with other motor vehicle,Řidičem motorového vozidla,Car driver,Ne,No,Nesprávný způsob jízdy,Inappropriate driving,0,0,1,0,0,1,"Suchý, neznečištěný",Dry and clean,Neztížené,Clear,Žádné,None,Motocykl,Motorbike,Ne,No,5000,15.8975767050001,48.9715732350001,15.8975767050001,48.971573235
7292,61306180171,5/11/2018 12:00:00 AM,Pátek,Friday,Den,Day,Srážka s chodcem,Collision with pedestrian,Řidičem motorového vozidla,Car driver,Nezjišťováno,Not tested,Nesprávný způsob jízdy,Inappropriate driving,0,1,0,0,1,0,"Suchý, neznečištěný",Dry and clean,Neztížené,Clear,Žádné,None,Osobní automobil,Car,Ne,No,0,16.0383007020001,48.8655247340001,16.0383007020001,48.8655247340001
7293,61306180172,5/11/2018 12:00:00 AM,Pátek,Friday,Noc,Night,Srážka s chodcem,Collision with pedestrian,Chodcem,Pedestrian,Ne,No,Nezaviněná řidičem,Not caused by driver,0,0,1,0,0,1,"Suchý, neznečištěný",Dry and clean,Neztížené,Clear,Přechod pro chodce nebo v jeho blízkosti,Pedestrian crossing or nearby,Osobní automobil,Car,Ne,No,0,16.054282868,48.854559389,16.054282868,48.854559389
7294,61306180173,5/11/2018 12:00:00 AM,Pátek,Friday,Noc,Night,"Srážka s vozidlem zaparkovaným, odstaveným",Collision with a parked vehicle,Řidičem motorového vozidla,Car driver,Nezjišťováno,Not tested,Nesprávný způsob jízdy,Inappropriate driving,0,0,0,0,0,0,"Suchý, neznečištěný",Dry and clean,Neztížené,Clear,Přechod pro chodce nebo v jeho blízkosti,Pedestrian crossing or nearby,"Nezjištěno, řidič ujel",Unknown,Ne,No,0,16.049580491,48.854227065,16.049580491,48.854227065
7295,61306180174,5/13/2018 12:00:00 AM,Neděle,Sunday,Den,Day,Srážka s pevnou překážkou,Collision with a fixed obstacle,Řidičem motorového vozidla,Car driver,Ne,No,Nepřiměřená rychlost jízdy,Inappropriate speed,0,0,1,0,0,1,"Suchý, neznečištěný",Dry and clean,Neztížené,Clear,Žádné,None,Osobní automobil,Car,Ano,Yes,70000,15.73187362,48.934272831,15.73187362,48.9342728310001
7296,61306180175,5/15/2018 12:00:00 AM,Úterý,Tuesday,Den,Day,Srážka s jedoucím nekolejovým vozidlem,Collision with other motor vehicle,Řidičem motorového vozidla,Car driver,Nezjišťováno,Not tested,Nesprávný způsob jízdy,Inappropriate driving,0,0,0,0,0,0,Mokrý,Wet,Slabý déšť,Light Raining,Přechod pro chodce nebo v jeho blízkosti,Pedestrian crossing or nearby,Osobní automobil,Car,Ne,No,0,16.055844128,48.859415255,16.055844128,48.859415255