OBJECTID,ID,Datum,Den,Day,DenNoc,DayNight,DruhNehody,Type,Zavineni,CausedBy,Alkohol,Alcohol,HlavniPricina,MainCause,Usmrceno,Tezce,Lehce,DeathToll,HeavyInjuries,LightInjuries,StavPovrchu,RoadCondition,Pocasi,Weather,SpecifikaceMista,PlaceSituation,DruhVozidla,VehicleType,Smyk,Skyd,Skoda,X,Y,x2,y2
7477,61306180356,9/1/2018 12:00:00 AM,Sobota,Saturday,Den,Day,"Srážka s vozidlem zaparkovaným, odstaveným",Collision with a parked vehicle,Řidičem nemotorového vozidla,Non-motorized vehicle driver,Pod vlivem alkoholu,Under the influence of alcohol,Nesprávný způsob jízdy,Inappropriate driving,0,0,0,0,0,0,Mokrý,Wet,Slabý déšť,Light Raining,Žádné,None,Jízdní kolo,Bicycle,Ne,No,0,16.2931659700001,48.7696367300001,16.2931659700001,48.7696367300001
7478,61306180357,9/1/2018 12:00:00 AM,Sobota,Saturday,Noc,Night,Srážka s pevnou překážkou,Collision with a fixed obstacle,Řidičem motorového vozidla,Car driver,Pod vlivem alkoholu,Under the influence of alcohol,Nesprávný způsob jízdy,Inappropriate driving,0,0,0,0,0,0,Mokrý,Wet,Déšť,Raining,Žádné,None,Osobní automobil,Car,Ne,No,10000,15.87426971,48.9223786050001,15.87426971,48.9223786050001
7479,61306180358,9/3/2018 12:00:00 AM,Pondělí,Monday,Den,Day,"Srážka s vozidlem zaparkovaným, odstaveným",Collision with a parked vehicle,Řidičem motorového vozidla,Car driver,Nezjišťováno,Not tested,Nesprávný způsob jízdy,Inappropriate driving,0,0,0,0,0,0,Mokrý,Wet,Neztížené,Clear,Přechod pro chodce nebo v jeho blízkosti,Pedestrian crossing or nearby,"Nezjištěno, řidič ujel",Unknown,Ne,No,0,16.069287704,48.845814573,16.069287704,48.845814573
7480,61306180359,9/3/2018 12:00:00 AM,Pondělí,Monday,Den,Day,Srážka s jedoucím nekolejovým vozidlem,Collision with other motor vehicle,Řidičem motorového vozidla,Car driver,Ne,No,Nepřiměřená rychlost jízdy,Inappropriate speed,0,0,0,0,0,0,Mokrý,Wet,Neztížené,Clear,Žádné,None,Osobní automobil,Car,Ano,Yes,20000,15.9628127070001,48.913375708,15.9628127070001,48.913375708
7481,61306180360,9/4/2018 12:00:00 AM,Úterý,Tuesday,Den,Day,Srážka s pevnou překážkou,Collision with a fixed obstacle,Řidičem motorového vozidla,Car driver,Ne,No,Nepřiměřená rychlost jízdy,Inappropriate speed,0,0,2,0,0,2,Mokrý,Wet,Neztížené,Clear,Žádné,None,Osobní automobil,Car,Ano,Yes,20000,16.032323326,48.8627025960001,16.032323326,48.8627025960001
7482,61306180361,9/4/2018 12:00:00 AM,Úterý,Tuesday,Den,Day,Srážka s jedoucím nekolejovým vozidlem,Collision with other motor vehicle,Řidičem motorového vozidla,Car driver,Nezjišťováno,Not tested,Nedání přednosti v jizdě,Not respecting the right of way,0,0,1,0,0,1,Mokrý,Wet,Déšť,Raining,Přechod pro chodce nebo v jeho blízkosti,Pedestrian crossing or nearby,"Nezjištěno, řidič ujel",Unknown,Ne,No,0,16.038074695,48.877917053,16.038074695,48.877917053
7483,61306180362,9/5/2018 12:00:00 AM,Středa,Wednesday,Den,Day,"Srážka s vozidlem zaparkovaným, odstaveným",Collision with a parked vehicle,Řidičem motorového vozidla,Car driver,Nezjišťováno,Not tested,Nesprávný způsob jízdy,Inappropriate driving,0,0,0,0,0,0,"Suchý, neznečištěný",Dry and clean,Neztížené,Clear,Žádné,None,"Nezjištěno, řidič ujel",Unknown,Ne,No,0,16.308994688,49.0381318460001,16.308994688,49.038131846
7484,61306180363,9/7/2018 12:00:00 AM,Pátek,Friday,Den,Day,Srážka s jedoucím nekolejovým vozidlem,Collision with other motor vehicle,Řidičem motorového vozidla,Car driver,Ne,No,Nesprávný způsob jízdy,Inappropriate driving,0,0,1,0,0,1,"Suchý, neznečištěný",Dry and clean,Neztížené,Clear,Žádné,None,Osobní automobil,Car,Ne,No,30000,16.367175698,48.9355898810001,16.367175698,48.9355898810001
7485,61306180364,9/7/2018 12:00:00 AM,Pátek,Friday,Den,Day,Srážka s pevnou překážkou,Collision with a fixed obstacle,Řidičem motorového vozidla,Car driver,Nezjišťováno,Not tested,Nesprávný způsob jízdy,Inappropriate driving,0,0,0,0,0,0,"Suchý, neznečištěný",Dry and clean,Neztížené,Clear,Žádné,None,Osobní automobil,Car,Ne,No,0,16.0482373950001,48.8577692590001,16.0482373950001,48.8577692590001
7486,61306180365,9/8/2018 12:00:00 AM,Sobota,Saturday,Den,Day,Havárie,Crash,Řidičem motorového vozidla,Car driver,Ne,No,Nepřiměřená rychlost jízdy,Inappropriate speed,0,1,1,0,1,1,"Suchý, neznečištěný",Dry and clean,Neztížené,Clear,Žádné,None,Motocykl,Motorbike,Ne,No,30000,15.7533297030001,48.859826115,15.7533297030001,48.859826115
7487,61306180366,9/9/2018 12:00:00 AM,Neděle,Sunday,Den,Day,Srážka s pevnou překážkou,Collision with a fixed obstacle,Řidičem motorového vozidla,Car driver,Pod vlivem alkoholu,Under the influence of alcohol,Nepřiměřená rychlost jízdy,Inappropriate speed,0,0,2,0,0,2,"Suchý, neznečištěný",Dry and clean,Neztížené,Clear,Žádné,None,Osobní automobil,Car,Ano,Yes,30000,15.992048932,48.8583827510001,15.992048932,48.8583827510001
7488,61306180367,9/9/2018 12:00:00 AM,Neděle,Sunday,Den,Day,Srážka s jedoucím nekolejovým vozidlem,Collision with other motor vehicle,Řidičem motorového vozidla,Car driver,Ne,No,Nesprávný způsob jízdy,Inappropriate driving,0,0,1,0,0,1,"Suchý, neznečištěný",Dry and clean,Neztížené,Clear,Žádné,None,Osobní automobil,Car,Ne,No,10000,15.863742395,48.925653423,15.863742395,48.925653423
7489,61306180368,9/9/2018 12:00:00 AM,Neděle,Sunday,Noc,Night,Srážka s pevnou překážkou,Collision with a fixed obstacle,Řidičem motorového vozidla,Car driver,Nezjišťováno,Not tested,Nesprávný způsob jízdy,Inappropriate driving,0,0,0,0,0,0,"Suchý, neznečištěný",Dry and clean,Neztížené,Clear,Žádné,None,"Nezjištěno, řidič ujel",Unknown,Ne,No,0,16.097119145,48.863110556,16.097119145,48.863110556
7490,61306180369,9/12/2018 12:00:00 AM,Středa,Wednesday,Den,Day,Srážka s chodcem,Collision with pedestrian,Chodcem,Pedestrian,Ne,No,Nezaviněná řidičem,Not caused by driver,0,0,1,0,0,1,"Suchý, neznečištěný",Dry and clean,Neztížené,Clear,Žádné,None,Osobní automobil,Car,Ne,No,0,16.032625696,48.8789241600001,16.032625696,48.8789241600001
7491,61306180370,9/12/2018 12:00:00 AM,Středa,Wednesday,Den,Day,Srážka s jedoucím nekolejovým vozidlem,Collision with other motor vehicle,Řidičem motorového vozidla,Car driver,Ne,No,Nesprávný způsob jízdy,Inappropriate driving,0,0,3,0,0,3,"Suchý, neznečištěný",Dry and clean,Neztížené,Clear,Žádné,None,Osobní automobil,Car,Ne,No,50000,16.124864701,48.8468376860001,16.124864701,48.8468376860001
7492,61306180371,9/13/2018 12:00:00 AM,Čtvrtek,Thursday,Den,Day,Srážka s jedoucím nekolejovým vozidlem,Collision with other motor vehicle,Řidičem motorového vozidla,Car driver,Ne,No,Nesprávný způsob jízdy,Inappropriate driving,0,0,0,0,0,0,"Suchý, neznečištěný",Dry and clean,Neztížené,Clear,Zastávka MHD,Public transport stop,Autobus,Bus,Ne,No,20000,16.035459702,48.8841397130001,16.035459702,48.8841397130001
7493,61306180372,9/12/2018 12:00:00 AM,Středa,Wednesday,Den,Day,Srážka s jedoucím nekolejovým vozidlem,Collision with other motor vehicle,Řidičem motorového vozidla,Car driver,Nezjišťováno,Not tested,Nesprávný způsob jízdy,Inappropriate driving,0,0,0,0,0,0,"Suchý, neznečištěný",Dry and clean,Neztížené,Clear,Žádné,None,Osobní automobil,Car,Ne,No,10000,16.4048626860001,48.9843163680001,16.4048626860001,48.9843163680001
7494,61306180373,9/13/2018 12:00:00 AM,Čtvrtek,Thursday,Noc,Night,Srážka s pevnou překážkou,Collision with a fixed obstacle,Řidičem motorového vozidla,Car driver,Ne,No,Nepřiměřená rychlost jízdy,Inappropriate speed,0,0,1,0,0,1,"Suchý, neznečištěný",Dry and clean,Neztížené,Clear,Žádné,None,Osobní automobil,Car,Ne,No,15000,16.075427701,48.988505736,16.075427701,48.988505736
7495,61306180374,9/14/2018 12:00:00 AM,Pátek,Friday,Den,Day,Srážka s jedoucím nekolejovým vozidlem,Collision with other motor vehicle,Řidičem motorového vozidla,Car driver,Ne,No,Nesprávný způsob jízdy,Inappropriate driving,0,0,1,0,0,1,Mokrý,Wet,Déšť,Raining,Žádné,None,Motocykl,Motorbike,Ne,No,3000,16.0567647710001,48.8406381660001,16.0567647710001,48.8406381660001
7496,61306180375,9/14/2018 12:00:00 AM,Pátek,Friday,Den,Day,Srážka s jedoucím nekolejovým vozidlem,Collision with other motor vehicle,Řidičem motorového vozidla,Car driver,Ne,No,Nesprávný způsob jízdy,Inappropriate driving,0,0,0,0,0,0,Mokrý,Wet,Déšť,Raining,Výjezd z parkoviště,Exit from car park,Osobní automobil,Car,Ne,No,2000,16.06821561,48.845672624,16.06821561,48.845672624
7497,61306180376,9/14/2018 12:00:00 AM,Pátek,Friday,Den,Day,Havárie,Crash,Řidičem motorového vozidla,Car driver,Pod vlivem alkoholu,Under the influence of alcohol,Nepřiměřená rychlost jízdy,Inappropriate speed,0,0,1,0,0,1,"Suchý, neznečištěný",Dry and clean,Neztížené,Clear,Výjezd z parkoviště,Exit from car park,Osobní automobil,Car,Ano,Yes,10000,16.1725940920001,48.8215523010001,16.1725940920001,48.8215523010001
7498,61306180377,9/14/2018 12:00:00 AM,Pátek,Friday,Den,Day,"Srážka s vozidlem zaparkovaným, odstaveným",Collision with a parked vehicle,Řidičem motorového vozidla,Car driver,Nezjišťováno,Not tested,Nesprávný způsob jízdy,Inappropriate driving,0,0,0,0,0,0,"Suchý, neznečištěný",Dry and clean,Neztížené,Clear,Přechod pro chodce nebo v jeho blízkosti,Pedestrian crossing or nearby,"Nezjištěno, řidič ujel",Unknown,Ne,No,0,16.0477296990001,48.8620103490001,16.0477296990001,48.8620103490001
7499,61306180378,9/15/2018 12:00:00 AM,Sobota,Saturday,Noc,Night,Srážka s pevnou překážkou,Collision with a fixed obstacle,Řidičem motorového vozidla,Car driver,Ne,No,Nepřiměřená rychlost jízdy,Inappropriate speed,0,0,0,0,0,0,"Suchý, neznečištěný",Dry and clean,Mlha,Fog,Žádné,None,Nákladní automobil,Truck,Ne,No,80000,16.2062986990001,48.8713643570001,16.2062986990001,48.8713643570001
7500,61306180379,9/15/2018 12:00:00 AM,Sobota,Saturday,Den,Day,Srážka s jedoucím nekolejovým vozidlem,Collision with other motor vehicle,Řidičem motorového vozidla,Car driver,Ne,No,Nesprávný způsob jízdy,Inappropriate driving,0,0,0,0,0,0,"Suchý, neznečištěný",Dry and clean,Neztížené,Clear,Přechod pro chodce nebo v jeho blízkosti,Pedestrian crossing or nearby,Osobní automobil,Car,Ne,No,20000,16.044720698,48.8616353150001,16.044720698,48.8616353150001
7501,61306180380,9/15/2018 12:00:00 AM,Sobota,Saturday,Den,Day,Srážka s pevnou překážkou,Collision with a fixed obstacle,Řidičem motorového vozidla,Car driver,Ne,No,Nepřiměřená rychlost jízdy,Inappropriate speed,0,0,1,0,0,1,Mokrý,Wet,Neztížené,Clear,Žádné,None,Osobní automobil,Car,Ano,Yes,60000,16.286534693,48.9414094410001,16.286534693,48.9414094410001
7502,61306180381,9/15/2018 12:00:00 AM,Sobota,Saturday,Den,Day,Havárie,Crash,Řidičem motorového vozidla,Car driver,Pod vlivem alkoholu,Under the influence of alcohol,Nepřiměřená rychlost jízdy,Inappropriate speed,0,0,1,0,0,1,"Suchý, neznečištěný",Dry and clean,Jiné ,Other,Žádné,None,Osobní automobil,Car,Ne,No,80000,16.357473686,48.969869079,16.357473686,48.969869079
7503,61306180382,9/16/2018 12:00:00 AM,Neděle,Sunday,Den,Day,Srážka s jedoucím nekolejovým vozidlem,Collision with other motor vehicle,Řidičem motorového vozidla,Car driver,Ne,No,Nesprávný způsob jízdy,Inappropriate driving,0,0,3,0,0,3,"Suchý, neznečištěný",Dry and clean,Neztížené,Clear,Žádné,None,Osobní automobil,Car,Ne,No,40000,16.092451694,48.8511491560001,16.092451694,48.8511491560001
7504,61306180383,9/16/2018 12:00:00 AM,Neděle,Sunday,Noc,Night,"Srážka s vozidlem zaparkovaným, odstaveným",Collision with a parked vehicle,Řidičem motorového vozidla,Car driver,Nezjišťováno,Not tested,Nesprávný způsob jízdy,Inappropriate driving,0,0,0,0,0,0,"Suchý, neznečištěný",Dry and clean,Neztížené,Clear,Přechod pro chodce nebo v jeho blízkosti,Pedestrian crossing or nearby,"Nezjištěno, řidič ujel",Unknown,Ne,No,0,16.0533197020001,48.8528723480001,16.0533197020001,48.8528723480001
7505,61306180384,9/17/2018 12:00:00 AM,Pondělí,Monday,Den,Day,Srážka s jedoucím nekolejovým vozidlem,Collision with other motor vehicle,Řidičem motorového vozidla,Car driver,Ne,No,Nedání přednosti v jizdě,Not respecting the right of way,0,0,1,0,0,1,"Suchý, neznečištěný",Dry and clean,Neztížené,Clear,Žádné,None,Osobní automobil,Car,Ne,No,5000,16.3827516910001,48.734821148,16.3827516910001,48.734821148
7506,61306180385,9/18/2018 12:00:00 AM,Úterý,Tuesday,Noc,Night,Jiný druh nehody,Other,Technickou závadou vozidla,Technical malfunction of a vehicle,Nezjišťováno,Not tested,Technická závada vozidla,Technical malfunction of vehicle,0,0,0,0,0,0,"Suchý, neznečištěný",Dry and clean,Neztížené,Clear,Zastávka MHD,Public transport stop,Nákladní automobil,Truck,Ne,No,0,15.926260698,48.9410314030001,15.926260698,48.9410314030001
7507,61306180386,9/14/2018 12:00:00 AM,Pátek,Friday,Noc,Night,"Srážka s vozidlem zaparkovaným, odstaveným",Collision with a parked vehicle,Řidičem motorového vozidla,Car driver,Nezjišťováno,Not tested,Nesprávný způsob jízdy,Inappropriate driving,0,0,0,0,0,0,"Suchý, neznečištěný",Dry and clean,Neztížené,Clear,Přechod pro chodce nebo v jeho blízkosti,Pedestrian crossing or nearby,"Nezjištěno, řidič ujel",Unknown,Ne,No,0,16.0550837050001,48.85404148,16.0550837050001,48.85404148
7508,61306180387,9/19/2018 12:00:00 AM,Středa,Wednesday,Den,Day,"Srážka s vozidlem zaparkovaným, odstaveným",Collision with a parked vehicle,Řidičem motorového vozidla,Car driver,Nezjišťováno,Not tested,Nesprávný způsob jízdy,Inappropriate driving,0,0,0,0,0,0,"Suchý, neznečištěný",Dry and clean,Neztížené,Clear,Žádné,None,Nákladní automobil,Truck,Ne,No,0,16.049312964,48.8545251040001,16.049312964,48.8545251040001
7509,61306180388,9/19/2018 12:00:00 AM,Středa,Wednesday,Den,Day,Havárie,Crash,Řidičem motorového vozidla,Car driver,Ne,No,Nedání přednosti v jizdě,Not respecting the right of way,0,0,1,0,0,1,"Suchý, neznečištěný",Dry and clean,Neztížené,Clear,Žádné,None,Traktor,Tractor,Ne,No,0,16.170769874,48.8952139,16.170769874,48.8952139
7510,61306180389,9/19/2018 12:00:00 AM,Středa,Wednesday,Noc,Night,"Srážka s vozidlem zaparkovaným, odstaveným",Collision with a parked vehicle,Řidičem motorového vozidla,Car driver,Nezjišťováno,Not tested,Nesprávný způsob jízdy,Inappropriate driving,0,0,0,0,0,0,"Suchý, neznečištěný",Dry and clean,Neztížené,Clear,Žádné,None,"Nezjištěno, řidič ujel",Unknown,Ne,No,0,16.0573539260001,48.844225807,16.0573539260001,48.844225807
7511,61306180390,9/20/2018 12:00:00 AM,Čtvrtek,Thursday,Den,Day,Srážka s jedoucím nekolejovým vozidlem,Collision with other motor vehicle,Řidičem motorového vozidla,Car driver,Nezjišťováno,Not tested,Nedání přednosti v jizdě,Not respecting the right of way,0,0,0,0,0,0,"Suchý, neznečištěný",Dry and clean,Neztížené,Clear,Žádné,None,"Nezjištěno, řidič ujel",Unknown,Ne,No,0,16.075585701,48.837172595,16.075585701,48.837172595
7512,61306180391,9/13/2018 12:00:00 AM,Čtvrtek,Thursday,Den,Day,"Srážka s vozidlem zaparkovaným, odstaveným",Collision with a parked vehicle,Řidičem motorového vozidla,Car driver,Nezjišťováno,Not tested,Nesprávný způsob jízdy,Inappropriate driving,0,0,0,0,0,0,"Suchý, neznečištěný",Dry and clean,Neztížené,Clear,Čerpadlo pohonných hmot,Gas station,"Nezjištěno, řidič ujel",Unknown,Ne,No,0,16.0671027010001,48.7647569710001,16.0671027010001,48.7647569710001
7513,61306180392,9/20/2018 12:00:00 AM,Čtvrtek,Thursday,Den,Day,Srážka s pevnou překážkou,Collision with a fixed obstacle,Řidičem motorového vozidla,Car driver,Nezjišťováno,Not tested,Nesprávné předjíždění,Bad overtaking,0,0,0,0,0,0,"Suchý, neznečištěný",Dry and clean,Neztížené,Clear,Žádné,None,"Nezjištěno, řidič ujel",Unknown,Ne,No,0,16.2710242970001,48.877626208,16.2710242970001,48.877626208
7514,61306180393,9/21/2018 12:00:00 AM,Pátek,Friday,Den,Day,Srážka s pevnou překážkou,Collision with a fixed obstacle,Řidičem motorového vozidla,Car driver,Ne,No,Nesprávný způsob jízdy,Inappropriate driving,0,0,0,0,0,0,"Suchý, neznečištěný",Dry and clean,Neztížené,Clear,Přechod pro chodce nebo v jeho blízkosti,Pedestrian crossing or nearby,Osobní automobil,Car,Ne,No,1000,16.053848271,48.857774326,16.053848271,48.857774326
7515,61306180394,9/21/2018 12:00:00 AM,Pátek,Friday,Noc,Night,Havárie,Crash,Řidičem motorového vozidla,Car driver,Ne,No,Nesprávný způsob jízdy,Inappropriate driving,0,0,0,0,0,0,"Suchý, neznečištěný",Dry and clean,Neztížené,Clear,Žádné,None,Autobus,Bus,Ne,No,0,15.9919787050001,48.9174921220001,15.9919787050001,48.9174921220001
7516,61306180395,9/23/2018 12:00:00 AM,Neděle,Sunday,Den,Day,Havárie,Crash,Řidičem motorového vozidla,Car driver,Ne,No,Nesprávné předjíždění,Bad overtaking,0,0,2,0,0,2,"Suchý, neznečištěný",Dry and clean,Neztížené,Clear,Žádné,None,Osobní automobil,Car,Ano,Yes,40000,16.3638556920001,48.7565889470001,16.3638556920001,48.7565889470001
7517,61306180396,9/24/2018 12:00:00 AM,Pondělí,Monday,Den,Day,Jiný druh nehody,Other,Jiné zavinění,Other,Nezjišťováno,Not tested,Nezaviněná řidičem,Not caused by driver,0,0,0,0,0,0,"Suchý, neznečištěný",Dry and clean,Neztížené,Clear,Žádné,None,Traktor,Tractor,Ne,No,250000,16.0253891360001,48.923410591,16.0253891360001,48.923410591
7518,61306180397,9/25/2018 12:00:00 AM,Úterý,Tuesday,Den,Day,Srážka s chodcem,Collision with pedestrian,Řidičem motorového vozidla,Car driver,Ne,No,Nesprávný způsob jízdy,Inappropriate driving,0,0,2,0,0,2,"Suchý, neznečištěný",Dry and clean,Neztížené,Clear,Žádné,None,Osobní automobil,Car,Ne,No,40000,16.255487691,49.072182416,16.255487691,49.072182416
7519,61306180398,9/26/2018 12:00:00 AM,Středa,Wednesday,Den,Day,Srážka s pevnou překážkou,Collision with a fixed obstacle,Řidičem motorového vozidla,Car driver,Ne,No,Nesprávný způsob jízdy,Inappropriate driving,0,0,1,0,0,1,"Suchý, neznečištěný",Dry and clean,Neztížené,Clear,Výjezd z parkoviště,Exit from car park,Osobní automobil,Car,Ne,No,80000,16.3581516940001,49.001917888,16.3581516940001,49.001917888
7520,61306180399,9/26/2018 12:00:00 AM,Středa,Wednesday,Den,Day,Srážka s jedoucím nekolejovým vozidlem,Collision with other motor vehicle,Řidičem motorového vozidla,Car driver,Ne,No,Nedání přednosti v jizdě,Not respecting the right of way,0,0,1,0,0,1,"Suchý, neznečištěný",Dry and clean,Neztížené,Clear,Zastávka MHD,Public transport stop,Osobní automobil,Car,Ne,No,10000,16.083267698,48.939066215,16.083267698,48.939066215
7521,61306180400,9/25/2018 12:00:00 AM,Úterý,Tuesday,Noc,Night,"Srážka s vozidlem zaparkovaným, odstaveným",Collision with a parked vehicle,Řidičem motorového vozidla,Car driver,Nezjišťováno,Not tested,Nesprávný způsob jízdy,Inappropriate driving,0,0,0,0,0,0,"Suchý, neznečištěný",Dry and clean,Neztížené,Clear,Výjezd z parkoviště,Exit from car park,"Nezjištěno, řidič ujel",Unknown,Ne,No,0,15.7140350230001,48.9431039730001,15.7140350230001,48.9431039730001
7522,61306180401,9/27/2018 12:00:00 AM,Čtvrtek,Thursday,Noc,Night,Srážka s jedoucím nekolejovým vozidlem,Collision with other motor vehicle,Řidičem motorového vozidla,Car driver,Nezjišťováno,Not tested,Nedání přednosti v jizdě,Not respecting the right of way,0,0,0,0,0,0,"Suchý, neznečištěný",Dry and clean,Neztížené,Clear,Zastávka MHD,Public transport stop,Osobní automobil,Car,Ne,No,10000,16.3336286860001,48.918590228,16.3336286860001,48.918590228
7523,61306180402,9/27/2018 12:00:00 AM,Čtvrtek,Thursday,Den,Day,Srážka s jedoucím nekolejovým vozidlem,Collision with other motor vehicle,Řidičem motorového vozidla,Car driver,Ne,No,Nesprávný způsob jízdy,Inappropriate driving,0,0,0,0,0,0,"Suchý, neznečištěný",Dry and clean,Neztížené,Clear,Přechod pro chodce nebo v jeho blízkosti,Pedestrian crossing or nearby,Osobní automobil,Car,Ne,No,20000,16.0591027020001,48.8462566170001,16.0591027020001,48.8462566170001
7524,61306180403,9/28/2018 12:00:00 AM,Pátek,Friday,Noc,Night,"Srážka s vozidlem zaparkovaným, odstaveným",Collision with a parked vehicle,Řidičem motorového vozidla,Car driver,Nezjišťováno,Not tested,Nesprávný způsob jízdy,Inappropriate driving,0,0,0,0,0,0,"Suchý, neznečištěný",Dry and clean,Neztížené,Clear,Žádné,None,"Nezjištěno, řidič ujel",Unknown,Ne,No,0,16.055099704,48.855724663,16.055099704,48.855724663
7525,61306180404,9/24/2018 12:00:00 AM,Pondělí,Monday,Noc,Night,"Srážka s vozidlem zaparkovaným, odstaveným",Collision with a parked vehicle,Řidičem motorového vozidla,Car driver,Nezjišťováno,Not tested,Nesprávný způsob jízdy,Inappropriate driving,0,0,0,0,0,0,"Suchý, neznečištěný",Dry and clean,Neztížené,Clear,Žádné,None,"Nezjištěno, řidič ujel",Unknown,Ne,No,0,16.053770706,48.848178832,16.053770706,48.848178832
7526,61306180405,9/28/2018 12:00:00 AM,Pátek,Friday,Den,Day,Srážka s jedoucím nekolejovým vozidlem,Collision with other motor vehicle,Řidičem motorového vozidla,Car driver,Nezjišťováno,Not tested,Nedání přednosti v jizdě,Not respecting the right of way,0,0,1,0,0,1,"Suchý, neznečištěný",Dry and clean,Neztížené,Clear,Přechod pro chodce nebo v jeho blízkosti,Pedestrian crossing or nearby,"Nezjištěno, řidič ujel",Unknown,Ne,No,0,16.058125364,48.856567951,16.058125364,48.856567951
7527,61306180406,9/29/2018 12:00:00 AM,Sobota,Saturday,Den,Day,Havárie,Crash,Řidičem motorového vozidla,Car driver,Pod vlivem alkoholu,Under the influence of alcohol,Nepřiměřená rychlost jízdy,Inappropriate speed,0,0,1,0,0,1,"Suchý, neznečištěný",Dry and clean,Neztížené,Clear,Žádné,None,Osobní automobil,Car,Ano,Yes,50000,16.268389692,48.9790829030001,16.268389692,48.9790829030001
7528,61306180407,10/2/2018 12:00:00 AM,Úterý,Tuesday,Den,Day,Srážka s pevnou překážkou,Collision with a fixed obstacle,Řidičem motorového vozidla,Car driver,Ne,No,Nesprávný způsob jízdy,Inappropriate driving,0,0,1,0,0,1,"Suchý, neznečištěný",Dry and clean,Neztížené,Clear,Žádné,None,Osobní automobil,Car,Ne,No,40000,16.347795687,48.864761652,16.347795687,48.864761652
7529,61306180408,10/3/2018 12:00:00 AM,Středa,Wednesday,Den,Day,"Srážka s vozidlem zaparkovaným, odstaveným",Collision with a parked vehicle,Řidičem motorového vozidla,Car driver,Nezjišťováno,Not tested,Nesprávný způsob jízdy,Inappropriate driving,0,0,0,0,0,0,"Suchý, neznečištěný",Dry and clean,Neztížené,Clear,Žádné,None,"Nezjištěno, řidič ujel",Unknown,Ne,No,0,16.0544067050001,48.8401599360001,16.0544067050001,48.8401599360001
7530,61306180409,10/4/2018 12:00:00 AM,Čtvrtek,Thursday,Den,Day,"Srážka s vozidlem zaparkovaným, odstaveným",Collision with a parked vehicle,Řidičem motorového vozidla,Car driver,Nezjišťováno,Not tested,Nesprávný způsob jízdy,Inappropriate driving,0,0,0,0,0,0,"Suchý, neznečištěný",Dry and clean,Neztížené,Clear,Přechod pro chodce nebo v jeho blízkosti,Pedestrian crossing or nearby,"Nezjištěno, řidič ujel",Unknown,Ne,No,0,16.0689527060001,48.8461286020001,16.0689527060001,48.8461286020001
7531,61306180410,10/4/2018 12:00:00 AM,Čtvrtek,Thursday,Den,Day,Srážka s jedoucím nekolejovým vozidlem,Collision with other motor vehicle,Řidičem motorového vozidla,Car driver,Ne,No,Nedání přednosti v jizdě,Not respecting the right of way,0,0,1,0,0,1,"Suchý, neznečištěný",Dry and clean,Neztížené,Clear,Žádné,None,Osobní automobil,Car,Ne,No,20000,16.056774763,48.8405950860001,16.056774763,48.8405950860001
7532,61306180411,10/4/2018 12:00:00 AM,Čtvrtek,Thursday,Den,Day,Srážka s jedoucím nekolejovým vozidlem,Collision with other motor vehicle,Řidičem motorového vozidla,Car driver,Nezjišťováno,Not tested,Nepřiměřená rychlost jízdy,Inappropriate speed,1,1,0,1,1,0,"Suchý, neznečištěný",Dry and clean,Neztížené,Clear,Žádné,None,Osobní automobil,Car,Ano,Yes,100000,15.9984117010001,48.88584889,15.9984117010001,48.88584889
7533,61306180412,10/5/2018 12:00:00 AM,Pátek,Friday,Den,Day,"Srážka s vozidlem zaparkovaným, odstaveným",Collision with a parked vehicle,Řidičem motorového vozidla,Car driver,Nezjišťováno,Not tested,Nesprávný způsob jízdy,Inappropriate driving,0,0,0,0,0,0,"Suchý, neznečištěný",Dry and clean,Neztížené,Clear,Přechod pro chodce nebo v jeho blízkosti,Pedestrian crossing or nearby,"Nezjištěno, řidič ujel",Unknown,Ne,No,0,16.055704699,48.859828115,16.055704699,48.859828115
7534,61306180413,10/7/2018 12:00:00 AM,Neděle,Sunday,Den,Day,Srážka s pevnou překážkou,Collision with a fixed obstacle,Řidičem motorového vozidla,Car driver,Nezjišťováno,Not tested,Nesprávný způsob jízdy,Inappropriate driving,0,0,0,0,0,0,"Suchý, neznečištěný",Dry and clean,Neztížené,Clear,Výjezd z parkoviště,Exit from car park,Osobní automobil,Car,Ne,No,20000,16.0449081520001,48.862232765,16.0449081520001,48.8622327650001
7535,61306180414,10/7/2018 12:00:00 AM,Neděle,Sunday,Noc,Night,"Srážka s vozidlem zaparkovaným, odstaveným",Collision with a parked vehicle,Řidičem motorového vozidla,Car driver,Nezjišťováno,Not tested,Nesprávný způsob jízdy,Inappropriate driving,0,0,0,0,0,0,"Suchý, neznečištěný",Dry and clean,Neztížené,Clear,Žádné,None,"Nezjištěno, řidič ujel",Unknown,Ne,No,0,16.047681708,48.8620553550001,16.047681708,48.8620553550001
7536,61306180415,10/10/2018 12:00:00 AM,Středa,Wednesday,Den,Day,Srážka s jedoucím nekolejovým vozidlem,Collision with other motor vehicle,Řidičem motorového vozidla,Car driver,Ne,No,Nesprávné předjíždění,Bad overtaking,0,1,0,0,1,0,"Suchý, neznečištěný",Dry and clean,Neztížené,Clear,Žádné,None,Autobus,Bus,Ne,No,50000,16.057050695,48.877333999,16.057050695,48.877333999
7537,61306180416,10/10/2018 12:00:00 AM,Středa,Wednesday,Noc,Night,"Srážka s vozidlem zaparkovaným, odstaveným",Collision with a parked vehicle,Řidičem motorového vozidla,Car driver,Nezjišťováno,Not tested,Nesprávný způsob jízdy,Inappropriate driving,0,0,0,0,0,0,"Suchý, neznečištěný",Dry and clean,Neztížené,Clear,Přechod pro chodce nebo v jeho blízkosti,Pedestrian crossing or nearby,"Nezjištěno, řidič ujel",Unknown,Ne,No,0,16.0626727050001,48.7631497730001,16.0626727050001,48.7631497730001